document_id,document_type,issuer,issuer_condition,recipient,stage,precondition,order_state,error_risks,source_ids,evidence_label
D01,RFQ,"Buyer or buyer agent","Identity and minimum commercial data; buyer is not the platform","Invited sellers; platform envelope","Inquiry before quotation","Product description; quantity and unit; destination; required certificates if known","RFQ_OPEN or RFQ_CLARIFICATION","Ambiguous specification; missing destination; duplicate; impersonation; prohibited concealment request","S01;S02","customary practice"
D02,Quotation,"Seller or authorized seller representative","Seller identity; date; validity; goods; price; currency; delivery and payment terms","Buyer; platform and forwarder when needed","Response to RFQ","Sufficient product and logistics data; valid_until; named place and Incoterms","QUOTATION_SENT or COMMERCIAL_ACCEPTANCE_PENDING","Currency or quantity mismatch; expired validity; missing Incoterms; unauthorized quote","S01;S02;S03","customary practice with conditional legal effect"
D03,Proforma invoice,"Seller or authorized seller representative","Quote-linked version marked PRO FORMA with goods; quantity; price; currency; origin; delivery/payment terms","Buyer; bank or destination authority for preliminary process","After quote and before shipment","Commercial acceptance or stated preliminary use; not final payment invoice","COMMERCIAL_ACCEPTANCE_PENDING or DOCUMENTS_PENDING","Used as commercial invoice; missing mark; stale price; mismatch with PO or contract; forgery","S01;S02","customary practice"
D04,Purchase order,"Buyer or buyer procurement function","Internal approval; PO number; seller; goods; quantity; price; delivery and payment terms","Seller; buyer archive; platform evidence","After quote/PI or before them depending transaction","Buyer authority and resolved term differences; seller acceptance for fulfillment","PO_RECEIVED","No seller acceptance; conflicting terms; duplicate PO; wrong ship-to; mismatch with invoice","S03;S19","customary practice/evidence"
D05,Sales contract,"Buyer and seller or authorized signatories","Authority to sign; agreement on goods; quantity; price or method; delivery; law; dispute terms","Both parties; bank/carrier/insurer/authority only when needed","After commercial agreement before fulfillment","KYB/KYC; specification; Incoterms version and named place; schedule and annexes","CONTRACT_ACTIVE","Unauthorized signature; missing governing law; ambiguous specification; inconsistent PO/PI","S03;S04","legal fact conditional on applicable law"
D06,Commercial invoice,"Seller/exporter of actual sale","Final real transaction data; authorized signature; destination-specific content","Buyer; customs; broker; carrier; bank when LC applies","When goods and transaction data are final, before/at shipment","Contract; actual quantity/value; reconciliation with packing and PO/contract","READY_TO_SHIP or SHIPPED","Wrong value/HS/origin/party; PI used as CI; mismatch across documents; unauthorized signature","S01;S04","official guidance plus trade practice"
D07,Packing list,"Exporter/packer/shipper","Packing complete; physical tally; marks; packages; dimensions; net and gross weight","Buyer; carrier/terminal; customs; broker; inspector","After packing and before handover/declaration","Physical tally and invoice reference","PACKED or CUSTOMS_FILING","Package/weight/marks mismatch; poor packing; post-inspection alteration; used instead of invoice","S01;S04","customary export document"
D08,Certificate of origin,"Chamber or reliable authorized authority; exporter supplies origin evidence","Origin evidence; shipment linkage; authorized form/signature; preference rule if applicable","Buyer/importer; customs; bank","After origin and consignment data are stable, before/with shipment","Production/purchase evidence; invoice; packing; applicable rule of origin","DOCUMENTS_PENDING or READY_TO_SHIP","Wrong origin type; issuer not authorized; mismatch; expired/fake certificate; split shipment issue","S06;S07;S21","official chamber practice; destination-dependent"
D09,Bill of lading,"Carrier/master carrier or authorized agent","Carrier received cargo; shipping instructions; shipper data; VGM for packed container; on-board notation when applicable","Shipper; consignee; notify party; carrier; customs; bank","After booking and cargo receipt/loading","Contract of carriage; accurate marks/quantity/weight; VGM where applicable","TRANSPORT_RECEIVED or IN_TRANSIT","Wrong party/port/description; received confused with on board; container/seal mismatch; unauthorized document","S01;S08;S09","official transport practice"
D10,Customs declaration,"Exporter/owner or authorized customs agent submits; customs accepts or rejects","Authorization; classification; origin; value; quantity; weight; packages; permits; supporting documents","Customs and border regulators; destination importer/agent for import filing","After invoice/packing/permits and before exit or entry","Authorized declarant; complete data; applicable national system","CUSTOMS_FILING then CUSTOMS_CLEARED","Wrong HS/origin/value; incomplete attachments; expired permit; no authority; inspection or rejection","S10;S11;S12;S13","official customs data standard; national law dependent"
D11,Export or import permit,"Competent government authority","Application satisfies item/destination/end-use and quantity scope","Exporter/importer; customs; carrier; bank when required","Before declaration or market access","Classification; end-use; application and destination rule","COMPLIANCE_PENDING","Wrong scope; expired permit; unlicensed export; incomplete end-use","S21","government document; destination/product dependent"
D12,Phytosanitary certificate,"Export country NPPO authorized public officer","Inspection/sampling/treatment and import requirements met","Destination NPPO/quarantine; customs; importer","Before dispatch or as destination requires","Regulated plant material; consignment identifiable; accepted paper/ePhyto route","CERTIFICATES_PENDING","Wrong scientific name/lot/origin; treatment missing; additional declaration wrong; unaccepted ePhyto","S14","official IPPC standard; product/country dependent"
D13,Veterinary certificate,"Export country veterinary or competent authority/official veterinarian","Model certificate and health requirements met","Destination veterinary authority; customs; importer; carrier","Before dispatch for animal/animal-product controls","Health inspection; establishment/lot; negotiated destination requirements","CERTIFICATES_PENDING","Wrong species/lot; missing official signature/stamp; wrong consignee; unreadable electronic record","S15","official WOAH framework; product/country dependent"
D14,Health or sanitary certificate,"Export health/food authority or recognized body","Inspection/test and destination format accepted","Destination authority; customs; buyer; inspector","Before export for regulated food/health goods","Product rule; lot; test/inspection; accepted authority","CERTIFICATES_PENDING","Wrong lot/language; expired test; unrecognized authority; overbroad health claim","S01;S21","official guidance; product/country dependent"
D15,Conformity declaration or test report,"Manufacturer or accredited/notified conformity body","Applicable standard/directive and evidence of testing","Importer; market surveillance; customs; buyer","Before market access or shipment","Product model; technical file; applicable standard; accredited body when required","COMPLIANCE_PENDING","Wrong standard/version; body not accepted; model/serial mismatch; expired report","S21","official guidance; destination/product dependent"
D16,Inspection certificate,"Independent inspector or contract/destination-required body","Scope, sampling, inspection and quantity/quality/value report completed","Buyer; seller; customs; bank; insurer","Before loading or contract-defined checkpoint","Goods ready; inspector and scope accepted; contract/LC condition if any","INSPECTION_PENDING","Nonrepresentative sample; unsigned report; wrong date/place; mismatch; nonaccepted agency","S20;S21","contract/destination-dependent practice"
D17,Fumigation or treatment certificate,"Authorized treatment provider or authority","Treatment performed and linked to package/wood marks","Customs/quarantine; carrier; buyer; inspector","After packing before dispatch when required","Identified packages; treatment date and mark; destination rule","CERTIFICATES_PENDING","Wrong package; invalid mark; date/permit error; repacking after treatment","S21","conditional trade/customs practice"
D18,Halal certificate,"Destination-accepted certification body","Audit/slaughter/process and accepted scope completed","Buyer/importer; destination authority; customs; bank","Before export for covered goods","Product/ingredients/process; accepted certifier; lot","CERTIFICATES_PENDING or COMPLIANCE_BLOCKED","Body not accepted; ingredients/lot mismatch; expired or unlegalized certificate","S21","conditional destination practice"
D19,Insurance policy or certificate,"Insurer or broker","Coverage, insured party/value/route and exclusions agreed; seller obligation only under applicable term/contract","Buyer/consignee; bank; seller; claim handler","Before risk-bearing shipment","Contract/Incoterms; insured goods/value/route; beneficiary","INSURANCE_PENDING","Wrong beneficiary/value/route; exclusion; late placement; failure to notify loss","S04;S05","contract/Incoterms-dependent"
D20,Delivery note or dispatch note,"Seller; warehouse; or carrier","Handover record with order/shipment; packages; date/place; receiver","Buyer/consignee or warehouse","At physical handover","Authorized receiver; tally and location evidence","DELIVERY_PENDING or DELIVERED","Wrong receiver; unsigned note; quantity mismatch; no damage notation","S16","operational trade practice"
D21,POD or signed receipt,"Carrier or last-mile operator","Delivery timestamp/location and authorized consignee acknowledgement","Seller; buyer; insurer; dispute handler","After arrival and handover","Identity/authority of receiver; shipment reference","DELIVERED","Forged signature; partial delivery; hidden damage; missing time/location","S17","operational evidence; jurisdiction dependent"
D22,Goods receipt or release order,"Importer/warehouse for GRN; carrier/terminal for release order","Tally/inspection or right-to-deliver condition met","Buyer; seller; carrier; finance; customs","Arrival after customs release and document/charge check","PO/CI/B/L/lot link; customs release; original or e-release when required","ARRIVED or RELEASE_AUTHORIZED","Wrong party; missing original/e-release; unpaid charges; customs hold; mixed lot","S01;S08;S16;S17","operational/carrier practice"
D23,Payment or transport claim,"Aggrieved seller/buyer/shipper/consignee or insurer","Written notice with order/shipment, event, amount or determinable remedy, evidence and deadline","Counterparty; carrier; insurer; bank/authority as applicable","After overdue, loss, damage, delay or nonconformity","Contract/policy/B/L; inspection and evidence; timely notice","CLAIM_OPEN","Late notice; vague nature; wrong respondent; missing evidence; inconsistent names/amount","S03;S18;S19","legal/contract/policy dependent"
D24,Dispute case","Party whose claim was rejected or unresolved","Notice referencing clause, chronology, evidence, relief and forum","Counterparty; mediator/arbitrator/court under contract","After failed claim negotiation or no response","Governing law; dispute clause; notice address; legal hold","DISPUTE_OPEN","Wrong forum; missed deadline; incomplete evidence; public disclosure of confidential data","S03;S18","contract/legal process dependent"
