record_id,dimension_id,group,field_name,question,evidence_state,observed_fact,evidence_url,evidence_type,observed_at,region,access_mode,confidence,actor,input,output,page_module,entity,event,state,error_exception,document,personal_data,risk,handoff,inference,gap_reason,next_method,product_implication,metric_name,metric_value,metric_unit,metric_currency,metric_period,metric_territory,metric_classification,metric_method,metric_publisher,source_title,source_publication_date
D00.1,D00,D00 Positioning,positioning_audience_geography,"What is the platform position, audience, geography, category breadth and proposition?",observed,Comprehensive foreign-trade service platform connecting Chinese suppliers and overseas buyers.,https://www.made-in-china.com/aboutus/main/,direct-public-page,2026-08-24,Amsterdam/NL sandbox; guest mode,"guest; no account, inquiry, RFQ, order or payment submitted",high,guest buyer / supplier / platform as applicable,Dimension-specific user intent or prerequisite,Comprehensive foreign-trade service platform connecting Chinese suppliers and overseas buyers.,https://www.made-in-china.com/aboutus/main/,Positioning Audience Geography,positioning_audience_geography.evaluated,guest/public -> recorded,Authenticated/transaction/region edge cases not executed,No real document submitted; public policy/order/audit artifacts only,No personal data submitted; policy fields noted where relevant,Sample/publisher claims require scope and region validation,PM/UX/ENG/SUP/BUY plus specialist owner,Limited to cited evidence,,,"Preserve provenance, state, exception, personal-data risk and handoff",registered buyer members,39825000+,members,not applicable,about snapshot,global,publisher claim,publisher-stated,Made-in-China.com,About Us,not stated
D01.1,D01,D01-D10 Discovery,home_page,What does the guest homepage expose?,observed,"Homepage exposes categories, sourcing promotions, Secured Trading, supplier/buyer entry and discovery.",https://www.made-in-china.com/,direct-public-page,2026-08-24,Amsterdam/NL sandbox; guest mode,"guest; no account, inquiry, RFQ, order or payment submitted",high,guest buyer / supplier / platform as applicable,Dimension-specific user intent or prerequisite,"Homepage exposes categories, sourcing promotions, Secured Trading, supplier/buyer entry and discovery.",https://www.made-in-china.com/,Home Page,home_page.evaluated,guest/public -> recorded,Authenticated/transaction/region edge cases not executed,No real document submitted; public policy/order/audit artifacts only,No personal data submitted; policy fields noted where relevant,Sample/publisher claims require scope and region validation,PM/UX/ENG/SUP/BUY plus specialist owner,Limited to cited evidence,,,"Preserve provenance, state, exception, personal-data risk and handoff",,,,,,,,,,,
D02.1,D02,D01-D10 Discovery,global_navigation,Are core destinations visible?,observed,Navigation separates buyer search/RFQ/audit/trading and supplier membership/products/showroom/RFQ.,https://www.made-in-china.com/aboutus/main/,direct-public-page,2026-08-24,Amsterdam/NL sandbox; guest mode,"guest; no account, inquiry, RFQ, order or payment submitted",high,guest buyer / supplier / platform as applicable,Dimension-specific user intent or prerequisite,Navigation separates buyer search/RFQ/audit/trading and supplier membership/products/showroom/RFQ.,https://www.made-in-china.com/aboutus/main/,Global Navigation,global_navigation.evaluated,guest/public -> recorded,Authenticated/transaction/region edge cases not executed,No real document submitted; public policy/order/audit artifacts only,No personal data submitted; policy fields noted where relevant,Sample/publisher claims require scope and region validation,PM/UX/ENG/SUP/BUY plus specialist owner,Limited to cited evidence,,,"Preserve provenance, state, exception, personal-data risk and handoff",,,,,,,,,,,
D03.1,D03,D01-D10 Discovery,search_entry,What search scopes and input constraints are visible?,observed,Search supports product/supplier keywords and result refinement.,https://activity.made-in-china.com/show/xQrasYIbFmVA/sxutRkLPIEVl/Help_How_to_Source_Products,direct-public-page,2026-08-24,Amsterdam/NL sandbox; guest mode,"guest; no account, inquiry, RFQ, order or payment submitted",high,guest buyer / supplier / platform as applicable,Dimension-specific user intent or prerequisite,Search supports product/supplier keywords and result refinement.,https://activity.made-in-china.com/show/xQrasYIbFmVA/sxutRkLPIEVl/Help_How_to_Source_Products,Search Entry,search_entry.evaluated,guest/public -> recorded,Authenticated/transaction/region edge cases not executed,No real document submitted; public policy/order/audit artifacts only,No personal data submitted; policy fields noted where relevant,Sample/publisher claims require scope and region validation,PM/UX/ENG/SUP/BUY plus specialist owner,Limited to cited evidence,,,"Preserve provenance, state, exception, personal-data risk and handoff",,,,,,,,,,,
D04.1,D04,D01-D10 Discovery,search_results,What result layout and count appear for a reproducible query?,observed-not-found,No sufficient guest/public evidence found for this dimension.,https://www.made-in-china.com/robots.txt,official-policy,2026-08-24,Amsterdam/NL sandbox; guest mode,"guest; no account, inquiry, RFQ, order or payment submitted",medium,guest buyer / supplier / platform as applicable,Dimension-specific user intent or prerequisite,No sufficient guest/public evidence found for this dimension.,https://www.made-in-china.com/robots.txt,Search Results,search_results.evaluated,guest/public -> observed-not-found,live search not executed,No real document submitted; public policy/order/audit artifacts only,No personal data submitted; policy fields noted where relevant,Sample/publisher claims require scope and region validation,PM/UX/ENG/SUP/BUY plus specialist owner,Limited to cited evidence,live search not executed,Use authorized manual/authenticated testing or current official help without submitting real transaction data.,"Preserve provenance, state, exception, personal-data risk and handoff",,,,,,,,,,,
D05.1,D05,D01-D10 Discovery,category_taxonomy,Is a category hierarchy visible?,observed,About page exposes 27 industries and thousands of categories.,https://www.made-in-china.com/aboutus/main/,direct-public-page,2026-08-24,Amsterdam/NL sandbox; guest mode,"guest; no account, inquiry, RFQ, order or payment submitted",high,guest buyer / supplier / platform as applicable,Dimension-specific user intent or prerequisite,About page exposes 27 industries and thousands of categories.,https://www.made-in-china.com/aboutus/main/,Category Taxonomy,category_taxonomy.evaluated,guest/public -> recorded,Authenticated/transaction/region edge cases not executed,No real document submitted; public policy/order/audit artifacts only,No personal data submitted; policy fields noted where relevant,Sample/publisher claims require scope and region validation,PM/UX/ENG/SUP/BUY plus specialist owner,Limited to cited evidence,,,"Preserve provenance, state, exception, personal-data risk and handoff",industries,27,industries,not applicable,about snapshot,global,taxonomy claim,publisher-stated,Made-in-China.com,About Us,not stated
D06.1,D06,D01-D10 Discovery,filters,Are filters evidenced?,observed,Guide documents left-side filters and Audited Supplier label.,https://activity.made-in-china.com/show/xQrasYIbFmVA/sxutRkLPIEVl/Help_How_to_Source_Products,direct-public-page,2026-08-24,Amsterdam/NL sandbox; guest mode,"guest; no account, inquiry, RFQ, order or payment submitted",high,guest buyer / supplier / platform as applicable,Dimension-specific user intent or prerequisite,Guide documents left-side filters and Audited Supplier label.,https://activity.made-in-china.com/show/xQrasYIbFmVA/sxutRkLPIEVl/Help_How_to_Source_Products,Filters,filters.evaluated,guest/public -> recorded,Authenticated/transaction/region edge cases not executed,No real document submitted; public policy/order/audit artifacts only,No personal data submitted; policy fields noted where relevant,Sample/publisher claims require scope and region validation,PM/UX/ENG/SUP/BUY plus specialist owner,Limited to cited evidence,,,"Preserve provenance, state, exception, personal-data risk and handoff",,,,,,,,,,,
D07.1,D07,D01-D10 Discovery,sorting,Which sort controls and defaults exist?,observed,Sample results expose product/price/MOQ/member/audit cues; sort default not exhaustively checked.,https://www.made-in-china.com/products-search/hot-china-products/Price_Mc_For_Sale.html,direct-public-page,2026-08-24,Amsterdam/NL sandbox; guest mode,"guest; no account, inquiry, RFQ, order or payment submitted",medium,guest buyer / supplier / platform as applicable,Dimension-specific user intent or prerequisite,Sample results expose product/price/MOQ/member/audit cues; sort default not exhaustively checked.,https://www.made-in-china.com/products-search/hot-china-products/Price_Mc_For_Sale.html,Sorting,sorting.evaluated,guest/public -> recorded,Authenticated/transaction/region edge cases not executed,No real document submitted; public policy/order/audit artifacts only,No personal data submitted; policy fields noted where relevant,Sample/publisher claims require scope and region validation,PM/UX/ENG/SUP/BUY plus specialist owner,Limited to cited evidence,,,"Preserve provenance, state, exception, personal-data risk and handoff",,,,,,,,,,,
D08.1,D08,D01-D10 Discovery,listing_card,What appears on a guest product card?,observed,"Result cards show title, tiered price, MOQ, membership, Audited Supplier and business type.",https://www.made-in-china.com/products-search/hot-china-products/Price_Mc_For_Sale.html,direct-public-page,2026-08-24,Amsterdam/NL sandbox; guest mode,"guest; no account, inquiry, RFQ, order or payment submitted",medium,guest buyer / supplier / platform as applicable,Dimension-specific user intent or prerequisite,"Result cards show title, tiered price, MOQ, membership, Audited Supplier and business type.",https://www.made-in-china.com/products-search/hot-china-products/Price_Mc_For_Sale.html,Listing Card,listing_card.evaluated,guest/public -> recorded,Authenticated/transaction/region edge cases not executed,No real document submitted; public policy/order/audit artifacts only,No personal data submitted; policy fields noted where relevant,Sample/publisher claims require scope and region validation,PM/UX/ENG/SUP/BUY plus specialist owner,Limited to cited evidence,,,"Preserve provenance, state, exception, personal-data risk and handoff",,,,,,,,,,,
D09.1,D09,D01-D10 Discovery,product_detail,Which product fields/actions appear?,observed,"PDP shows tiered price, sample, inquiry/chat, specs, protection, payments, logistics, inspection and supplier cues.",https://wewinchina.en.made-in-china.com/product/JFpnNejMhtcm/China-360W-5000-Rpm-High-Power-High-Speed-Electric-DC-Brush-Motor-with-Hall-Encoder.html,direct-public-page,2026-08-24,Amsterdam/NL sandbox; guest mode,"guest; no account, inquiry, RFQ, order or payment submitted",high,guest buyer / supplier / platform as applicable,Dimension-specific user intent or prerequisite,"PDP shows tiered price, sample, inquiry/chat, specs, protection, payments, logistics, inspection and supplier cues.",https://wewinchina.en.made-in-china.com/product/JFpnNejMhtcm/China-360W-5000-Rpm-High-Power-High-Speed-Electric-DC-Brush-Motor-with-Hall-Encoder.html,Product Detail,product_detail.evaluated,guest/public -> recorded,Authenticated/transaction/region edge cases not executed,No real document submitted; public policy/order/audit artifacts only,No personal data submitted; policy fields noted where relevant,Sample/publisher claims require scope and region validation,PM/UX/ENG/SUP/BUY plus specialist owner,Limited to cited evidence,,,"Preserve provenance, state, exception, personal-data risk and handoff",sample lowest tier price,18,USD per piece,USD,2000+ pieces,China supplier,sample listing,direct,Supplier via Made-in-China.com,Motor PDP,dynamic
D10.1,D10,D01-D10 Discovery,supplier_detail,Which supplier fields/actions appear?,observed,"PDP shows supplier region, rating, membership tenure, audit, export rights and verified strengths.",https://wewinchina.en.made-in-china.com/product/JFpnNejMhtcm/China-360W-5000-Rpm-High-Power-High-Speed-Electric-DC-Brush-Motor-with-Hall-Encoder.html,direct-public-page,2026-08-24,Amsterdam/NL sandbox; guest mode,"guest; no account, inquiry, RFQ, order or payment submitted",high,guest buyer / supplier / platform as applicable,Dimension-specific user intent or prerequisite,"PDP shows supplier region, rating, membership tenure, audit, export rights and verified strengths.",https://wewinchina.en.made-in-china.com/product/JFpnNejMhtcm/China-360W-5000-Rpm-High-Power-High-Speed-Electric-DC-Brush-Motor-with-Hall-Encoder.html,Supplier Detail,supplier_detail.evaluated,guest/public -> recorded,Authenticated/transaction/region edge cases not executed,No real document submitted; public policy/order/audit artifacts only,No personal data submitted; policy fields noted where relevant,Sample/publisher claims require scope and region validation,PM/UX/ENG/SUP/BUY plus specialist owner,Limited to cited evidence,,,"Preserve provenance, state, exception, personal-data risk and handoff",,,,,,,,,,,
D11.1,D11,D11-D20 Identity,registration_entry,Is registration entry visible?,observed,Sign In and buyer/supplier registration routes are visible.,https://www.made-in-china.com/aboutus/main/,direct-public-page,2026-08-24,Amsterdam/NL sandbox; guest mode,"guest; no account, inquiry, RFQ, order or payment submitted",high,guest buyer / supplier / platform as applicable,Dimension-specific user intent or prerequisite,Sign In and buyer/supplier registration routes are visible.,https://www.made-in-china.com/aboutus/main/,Registration Entry,registration_entry.evaluated,guest/public -> recorded,Authenticated/transaction/region edge cases not executed,No real document submitted; public policy/order/audit artifacts only,No personal data submitted; policy fields noted where relevant,Sample/publisher claims require scope and region validation,PM/UX/ENG/SUP/BUY plus specialist owner,Limited to cited evidence,,,"Preserve provenance, state, exception, personal-data risk and handoff",,,,,,,,,,,
D12.1,D12,D11-D20 Identity,buyer_registration,What buyer registration inputs are documented?,observed,"Privacy lists email, country, name, company, phone, sourcing/product and purchase-profile data.",https://www.made-in-china.com/help/policy/,official-policy,2026-08-24,Amsterdam/NL sandbox; guest mode,"guest; no account, inquiry, RFQ, order or payment submitted",high,guest buyer / supplier / platform as applicable,Dimension-specific user intent or prerequisite,"Privacy lists email, country, name, company, phone, sourcing/product and purchase-profile data.",https://www.made-in-china.com/help/policy/,Buyer Registration,buyer_registration.evaluated,guest/public -> recorded,Authenticated/transaction/region edge cases not executed,No real document submitted; public policy/order/audit artifacts only,No personal data submitted; policy fields noted where relevant,Sample/publisher claims require scope and region validation,PM/UX/ENG/SUP/BUY plus specialist owner,Limited to cited evidence,,,"Preserve provenance, state, exception, personal-data risk and handoff",,,,,,,,,,,
D13.1,D13,D11-D20 Identity,supplier_enrollment,What supplier enrollment path is public?,observed,"Supplier route includes membership, register supplier, products, showroom and sourcing requests.",https://www.made-in-china.com/aboutus/main/,direct-public-page,2026-08-24,Amsterdam/NL sandbox; guest mode,"guest; no account, inquiry, RFQ, order or payment submitted",high,guest buyer / supplier / platform as applicable,Dimension-specific user intent or prerequisite,"Supplier route includes membership, register supplier, products, showroom and sourcing requests.",https://www.made-in-china.com/aboutus/main/,Supplier Enrollment,supplier_enrollment.evaluated,guest/public -> recorded,Authenticated/transaction/region edge cases not executed,No real document submitted; public policy/order/audit artifacts only,No personal data submitted; policy fields noted where relevant,Sample/publisher claims require scope and region validation,PM/UX/ENG/SUP/BUY plus specialist owner,Limited to cited evidence,,,"Preserve provenance, state, exception, personal-data risk and handoff",,,,,,,,,,,
D14.1,D14,D11-D20 Identity,login,Which login mechanisms are documented?,observed,Terms and navigation document buyer account registration/sign-in.,https://www.made-in-china.com/help/terms/,official-policy,2026-08-24,Amsterdam/NL sandbox; guest mode,"guest; no account, inquiry, RFQ, order or payment submitted",high,guest buyer / supplier / platform as applicable,Dimension-specific user intent or prerequisite,Terms and navigation document buyer account registration/sign-in.,https://www.made-in-china.com/help/terms/,Login,login.evaluated,guest/public -> recorded,Authenticated/transaction/region edge cases not executed,No real document submitted; public policy/order/audit artifacts only,No personal data submitted; policy fields noted where relevant,Sample/publisher claims require scope and region validation,PM/UX/ENG/SUP/BUY plus specialist owner,Limited to cited evidence,,,"Preserve provenance, state, exception, personal-data risk and handoff",,,,,,,,,,,
D15.1,D15,D11-D20 Identity,role_selection,Is an explicit buyer/seller role-selection screen shown?,observed,Buyer and supplier routes are explicitly separated.,https://www.made-in-china.com/aboutus/main/,direct-public-page,2026-08-24,Amsterdam/NL sandbox; guest mode,"guest; no account, inquiry, RFQ, order or payment submitted",high,guest buyer / supplier / platform as applicable,Dimension-specific user intent or prerequisite,Buyer and supplier routes are explicitly separated.,https://www.made-in-china.com/aboutus/main/,Role Selection,role_selection.evaluated,guest/public -> recorded,Authenticated/transaction/region edge cases not executed,No real document submitted; public policy/order/audit artifacts only,No personal data submitted; policy fields noted where relevant,Sample/publisher claims require scope and region validation,PM/UX/ENG/SUP/BUY plus specialist owner,Limited to cited evidence,,,"Preserve provenance, state, exception, personal-data risk and handoff",,,,,,,,,,,
D16.1,D16,D11-D20 Identity,email_verification,How is email verified?,observed,Terms describe email activation as one way registration agreement is accepted.,https://www.made-in-china.com/help/terms/,official-policy,2026-08-24,Amsterdam/NL sandbox; guest mode,"guest; no account, inquiry, RFQ, order or payment submitted",high,guest buyer / supplier / platform as applicable,Dimension-specific user intent or prerequisite,Terms describe email activation as one way registration agreement is accepted.,https://www.made-in-china.com/help/terms/,Email Verification,email_verification.evaluated,guest/public -> recorded,Authenticated/transaction/region edge cases not executed,No real document submitted; public policy/order/audit artifacts only,No personal data submitted; policy fields noted where relevant,Sample/publisher claims require scope and region validation,PM/UX/ENG/SUP/BUY plus specialist owner,Limited to cited evidence,,,"Preserve provenance, state, exception, personal-data risk and handoff",,,,,,,,,,,
D17.1,D17,D11-D20 Identity,mobile_verification,How is mobile verified?,observed-not-found,No sufficient guest/public evidence found for this dimension.,https://www.made-in-china.com/help/terms/,official-policy,2026-08-24,Amsterdam/NL sandbox; guest mode,"guest; no account, inquiry, RFQ, order or payment submitted",medium,guest buyer / supplier / platform as applicable,Dimension-specific user intent or prerequisite,No sufficient guest/public evidence found for this dimension.,https://www.made-in-china.com/help/terms/,Mobile Verification,mobile_verification.evaluated,guest/public -> observed-not-found,mobile OTP not observed,No real document submitted; public policy/order/audit artifacts only,No personal data submitted; policy fields noted where relevant,Sample/publisher claims require scope and region validation,PM/UX/ENG/SUP/BUY plus specialist owner,Limited to cited evidence,mobile OTP not observed,Use authorized manual/authenticated testing or current official help without submitting real transaction data.,"Preserve provenance, state, exception, personal-data risk and handoff",,,,,,,,,,,
D18.1,D18,D11-D20 Identity,company_onboarding,Is company information collected?,observed,"Supplier business license, audit, import/export and strength labels are shown.",https://wewinchina.en.made-in-china.com/product/JFpnNejMhtcm/China-360W-5000-Rpm-High-Power-High-Speed-Electric-DC-Brush-Motor-with-Hall-Encoder.html,direct-public-page,2026-08-24,Amsterdam/NL sandbox; guest mode,"guest; no account, inquiry, RFQ, order or payment submitted",high,guest buyer / supplier / platform as applicable,Dimension-specific user intent or prerequisite,"Supplier business license, audit, import/export and strength labels are shown.",https://wewinchina.en.made-in-china.com/product/JFpnNejMhtcm/China-360W-5000-Rpm-High-Power-High-Speed-Electric-DC-Brush-Motor-with-Hall-Encoder.html,Company Onboarding,company_onboarding.evaluated,guest/public -> recorded,Authenticated/transaction/region edge cases not executed,No real document submitted; public policy/order/audit artifacts only,No personal data submitted; policy fields noted where relevant,Sample/publisher claims require scope and region validation,PM/UX/ENG/SUP/BUY plus specialist owner,Limited to cited evidence,,,"Preserve provenance, state, exception, personal-data risk and handoff",,,,,,,,,,,
D19.1,D19,D11-D20 Identity,kyc_kyb_documents,Which exact KYB documents are mandatory at registration?,observed,"Audit process covers paper documents, on-site facilities and eight capability areas.",https://www.made-in-china.com/audited-suppliers/for-buyers/,direct-public-page,2026-08-24,Amsterdam/NL sandbox; guest mode,"guest; no account, inquiry, RFQ, order or payment submitted",high,guest buyer / supplier / platform as applicable,Dimension-specific user intent or prerequisite,"Audit process covers paper documents, on-site facilities and eight capability areas.",https://www.made-in-china.com/audited-suppliers/for-buyers/,Kyc Kyb Documents,kyc_kyb_documents.evaluated,guest/public -> recorded,Authenticated/transaction/region edge cases not executed,No real document submitted; public policy/order/audit artifacts only,No personal data submitted; policy fields noted where relevant,Sample/publisher claims require scope and region validation,PM/UX/ENG/SUP/BUY plus specialist owner,Limited to cited evidence,,,"Preserve provenance, state, exception, personal-data risk and handoff",,,,,,,,,,,
D20.1,D20,D11-D20 Identity,password_recovery,What recovery path is documented?,observed-not-found,No sufficient guest/public evidence found for this dimension.,https://www.made-in-china.com/help/terms/,official-policy,2026-08-24,Amsterdam/NL sandbox; guest mode,"guest; no account, inquiry, RFQ, order or payment submitted",medium,guest buyer / supplier / platform as applicable,Dimension-specific user intent or prerequisite,No sufficient guest/public evidence found for this dimension.,https://www.made-in-china.com/help/terms/,Password Recovery,password_recovery.evaluated,guest/public -> observed-not-found,password recovery flow not observed,No real document submitted; public policy/order/audit artifacts only,No personal data submitted; policy fields noted where relevant,Sample/publisher claims require scope and region validation,PM/UX/ENG/SUP/BUY plus specialist owner,Limited to cited evidence,password recovery flow not observed,Use authorized manual/authenticated testing or current official help without submitting real transaction data.,"Preserve provenance, state, exception, personal-data risk and handoff",,,,,,,,,,,
D21.1,D21,D21-D30 Supplier tools,dashboard,Is a supplier dashboard evidenced?,observed,"My Account exposes messages, unquoted requests, quotes, products and showroom modules.",https://www.made-in-china.com/aboutus/main/,direct-public-page,2026-08-24,Amsterdam/NL sandbox; guest mode,"guest; no account, inquiry, RFQ, order or payment submitted",high,guest buyer / supplier / platform as applicable,Dimension-specific user intent or prerequisite,"My Account exposes messages, unquoted requests, quotes, products and showroom modules.",https://www.made-in-china.com/aboutus/main/,Dashboard,dashboard.evaluated,guest/public -> recorded,Authenticated/transaction/region edge cases not executed,No real document submitted; public policy/order/audit artifacts only,No personal data submitted; policy fields noted where relevant,Sample/publisher claims require scope and region validation,PM/UX/ENG/SUP/BUY plus specialist owner,Limited to cited evidence,,,"Preserve provenance, state, exception, personal-data risk and handoff",,,,,,,,,,,
D22.1,D22,D21-D30 Supplier tools,company_profile,Can suppliers maintain a profile?,observed,Supplier showroom and profile editing modules are linked.,https://www.made-in-china.com/aboutus/main/,direct-public-page,2026-08-24,Amsterdam/NL sandbox; guest mode,"guest; no account, inquiry, RFQ, order or payment submitted",high,guest buyer / supplier / platform as applicable,Dimension-specific user intent or prerequisite,Supplier showroom and profile editing modules are linked.,https://www.made-in-china.com/aboutus/main/,Company Profile,company_profile.evaluated,guest/public -> recorded,Authenticated/transaction/region edge cases not executed,No real document submitted; public policy/order/audit artifacts only,No personal data submitted; policy fields noted where relevant,Sample/publisher claims require scope and region validation,PM/UX/ENG/SUP/BUY plus specialist owner,Limited to cited evidence,,,"Preserve provenance, state, exception, personal-data risk and handoff",,,,,,,,,,,
D23.1,D23,D21-D30 Supplier tools,catalog_management,Is catalog/showroom management evidenced?,observed-not-found,No sufficient guest/public evidence found for this dimension.,https://www.made-in-china.com/help/terms/,official-policy,2026-08-24,Amsterdam/NL sandbox; guest mode,"guest; no account, inquiry, RFQ, order or payment submitted",medium,guest buyer / supplier / platform as applicable,Dimension-specific user intent or prerequisite,No sufficient guest/public evidence found for this dimension.,https://www.made-in-china.com/help/terms/,Catalog Management,catalog_management.evaluated,guest/public -> observed-not-found,catalog edit UI auth-only,No real document submitted; public policy/order/audit artifacts only,No personal data submitted; policy fields noted where relevant,Sample/publisher claims require scope and region validation,PM/UX/ENG/SUP/BUY plus specialist owner,Limited to cited evidence,catalog edit UI auth-only,Use authorized manual/authenticated testing or current official help without submitting real transaction data.,"Preserve provenance, state, exception, personal-data risk and handoff",,,,,,,,,,,
D24.1,D24,D21-D30 Supplier tools,product_creation,Is product creation evidenced?,observed,Manage Products is present but create/edit form was not entered.,https://www.made-in-china.com/aboutus/main/,direct-public-page,2026-08-24,Amsterdam/NL sandbox; guest mode,"guest; no account, inquiry, RFQ, order or payment submitted",high,guest buyer / supplier / platform as applicable,Dimension-specific user intent or prerequisite,Manage Products is present but create/edit form was not entered.,https://www.made-in-china.com/aboutus/main/,Product Creation,product_creation.evaluated,guest/public -> recorded,Authenticated/transaction/region edge cases not executed,No real document submitted; public policy/order/audit artifacts only,No personal data submitted; policy fields noted where relevant,Sample/publisher claims require scope and region validation,PM/UX/ENG/SUP/BUY plus specialist owner,Limited to cited evidence,,,"Preserve provenance, state, exception, personal-data risk and handoff",,,,,,,,,,,
D25.1,D25,D21-D30 Supplier tools,product_specifications,Are structured specifications displayed?,observed,"PDP contains structured motor attributes, customization, shipping and supplier information.",https://wewinchina.en.made-in-china.com/product/JFpnNejMhtcm/China-360W-5000-Rpm-High-Power-High-Speed-Electric-DC-Brush-Motor-with-Hall-Encoder.html,direct-public-page,2026-08-24,Amsterdam/NL sandbox; guest mode,"guest; no account, inquiry, RFQ, order or payment submitted",high,guest buyer / supplier / platform as applicable,Dimension-specific user intent or prerequisite,"PDP contains structured motor attributes, customization, shipping and supplier information.",https://wewinchina.en.made-in-china.com/product/JFpnNejMhtcm/China-360W-5000-Rpm-High-Power-High-Speed-Electric-DC-Brush-Motor-with-Hall-Encoder.html,Product Specifications,product_specifications.evaluated,guest/public -> recorded,Authenticated/transaction/region edge cases not executed,No real document submitted; public policy/order/audit artifacts only,No personal data submitted; policy fields noted where relevant,Sample/publisher claims require scope and region validation,PM/UX/ENG/SUP/BUY plus specialist owner,Limited to cited evidence,,,"Preserve provenance, state, exception, personal-data risk and handoff",,,,,,,,,,,
D26.1,D26,D21-D30 Supplier tools,price_moq,Are price and MOQ visible?,observed,PDP has price tiers and quantity bands; sample price is separately displayed.,https://wewinchina.en.made-in-china.com/product/JFpnNejMhtcm/China-360W-5000-Rpm-High-Power-High-Speed-Electric-DC-Brush-Motor-with-Hall-Encoder.html,direct-public-page,2026-08-24,Amsterdam/NL sandbox; guest mode,"guest; no account, inquiry, RFQ, order or payment submitted",high,guest buyer / supplier / platform as applicable,Dimension-specific user intent or prerequisite,PDP has price tiers and quantity bands; sample price is separately displayed.,https://wewinchina.en.made-in-china.com/product/JFpnNejMhtcm/China-360W-5000-Rpm-High-Power-High-Speed-Electric-DC-Brush-Motor-with-Hall-Encoder.html,Price Moq,price_moq.evaluated,guest/public -> recorded,Authenticated/transaction/region edge cases not executed,No real document submitted; public policy/order/audit artifacts only,No personal data submitted; policy fields noted where relevant,Sample/publisher claims require scope and region validation,PM/UX/ENG/SUP/BUY plus specialist owner,Limited to cited evidence,,,"Preserve provenance, state, exception, personal-data risk and handoff",sample price,150,USD per piece,USD,sample CTA,sample product,sample offer,direct,Supplier via Made-in-China.com,Motor PDP,dynamic
D27.1,D27,D21-D30 Supplier tools,capacity_lead_time,Are capacity and lead time visible?,observed,Product specs and seller claims provide capabilities; exact production lead time not visible in sampled chunk.,https://wewinchina.en.made-in-china.com/product/JFpnNejMhtcm/China-360W-5000-Rpm-High-Power-High-Speed-Electric-DC-Brush-Motor-with-Hall-Encoder.html,direct-public-page,2026-08-24,Amsterdam/NL sandbox; guest mode,"guest; no account, inquiry, RFQ, order or payment submitted",high,guest buyer / supplier / platform as applicable,Dimension-specific user intent or prerequisite,Product specs and seller claims provide capabilities; exact production lead time not visible in sampled chunk.,https://wewinchina.en.made-in-china.com/product/JFpnNejMhtcm/China-360W-5000-Rpm-High-Power-High-Speed-Electric-DC-Brush-Motor-with-Hall-Encoder.html,Capacity Lead Time,capacity_lead_time.evaluated,guest/public -> recorded,Authenticated/transaction/region edge cases not executed,No real document submitted; public policy/order/audit artifacts only,No personal data submitted; policy fields noted where relevant,Sample/publisher claims require scope and region validation,PM/UX/ENG/SUP/BUY plus specialist owner,Limited to cited evidence,,,"Preserve provenance, state, exception, personal-data risk and handoff",,,,,,,,,,,
D28.1,D28,D21-D30 Supplier tools,rfq_creation,Can a buyer submit an RFQ?,observed,RFQ lets buyer post one request and receive multiple quotes.,https://activity.made-in-china.com/show/xQrasYIbFmVA/sxutRkLPIEVl/Help_How_to_Source_Products,direct-public-page,2026-08-24,Amsterdam/NL sandbox; guest mode,"guest; no account, inquiry, RFQ, order or payment submitted",high,guest buyer / supplier / platform as applicable,Dimension-specific user intent or prerequisite,RFQ lets buyer post one request and receive multiple quotes.,https://activity.made-in-china.com/show/xQrasYIbFmVA/sxutRkLPIEVl/Help_How_to_Source_Products,Rfq Creation,rfq_creation.evaluated,guest/public -> recorded,Authenticated/transaction/region edge cases not executed,No real document submitted; public policy/order/audit artifacts only,No personal data submitted; policy fields noted where relevant,Sample/publisher claims require scope and region validation,PM/UX/ENG/SUP/BUY plus specialist owner,Limited to cited evidence,,,"Preserve provenance, state, exception, personal-data risk and handoff",,,,,,,,,,,
D29.1,D29,D21-D30 Supplier tools,rfq_response,Can suppliers view/respond to RFQs?,observed,Supplier account exposes unquoted requests and buyer quotes; no quote submitted.,https://www.made-in-china.com/aboutus/main/,direct-public-page,2026-08-24,Amsterdam/NL sandbox; guest mode,"guest; no account, inquiry, RFQ, order or payment submitted",high,guest buyer / supplier / platform as applicable,Dimension-specific user intent or prerequisite,Supplier account exposes unquoted requests and buyer quotes; no quote submitted.,https://www.made-in-china.com/aboutus/main/,Rfq Response,rfq_response.evaluated,guest/public -> recorded,Authenticated/transaction/region edge cases not executed,No real document submitted; public policy/order/audit artifacts only,No personal data submitted; policy fields noted where relevant,Sample/publisher claims require scope and region validation,PM/UX/ENG/SUP/BUY plus specialist owner,Limited to cited evidence,,,"Preserve provenance, state, exception, personal-data risk and handoff",,,,,,,,,,,
D30.1,D30,D21-D30 Supplier tools,messaging,Is messaging/file exchange evidenced?,observed,Inquiry and TradeMessenger are documented; messages/quotations live in Virtual Office.,https://activity.made-in-china.com/show/xQrasYIbFmVA/sxutRkLPIEVl/Help_How_to_Source_Products,direct-public-page,2026-08-24,Amsterdam/NL sandbox; guest mode,"guest; no account, inquiry, RFQ, order or payment submitted",high,guest buyer / supplier / platform as applicable,Dimension-specific user intent or prerequisite,Inquiry and TradeMessenger are documented; messages/quotations live in Virtual Office.,https://activity.made-in-china.com/show/xQrasYIbFmVA/sxutRkLPIEVl/Help_How_to_Source_Products,Messaging,messaging.evaluated,guest/public -> recorded,Authenticated/transaction/region edge cases not executed,No real document submitted; public policy/order/audit artifacts only,No personal data submitted; policy fields noted where relevant,Sample/publisher claims require scope and region validation,PM/UX/ENG/SUP/BUY plus specialist owner,Limited to cited evidence,,,"Preserve provenance, state, exception, personal-data risk and handoff",,,,,,,,,,,
D31.1,D31,D31-D40 Transaction,quotation,Is quotation workflow evidenced?,observed,RFQ/quotation flow documented; quotation UI auth-only.,https://activity.made-in-china.com/show/xQrasYIbFmVA/sxutRkLPIEVl/Help_How_to_Source_Products,direct-public-page,2026-08-24,Amsterdam/NL sandbox; guest mode,"guest; no account, inquiry, RFQ, order or payment submitted",high,guest buyer / supplier / platform as applicable,Dimension-specific user intent or prerequisite,RFQ/quotation flow documented; quotation UI auth-only.,https://activity.made-in-china.com/show/xQrasYIbFmVA/sxutRkLPIEVl/Help_How_to_Source_Products,Quotation,quotation.evaluated,guest/public -> recorded,Authenticated/transaction/region edge cases not executed,No real document submitted; public policy/order/audit artifacts only,No personal data submitted; policy fields noted where relevant,Sample/publisher claims require scope and region validation,PM/UX/ENG/SUP/BUY plus specialist owner,Limited to cited evidence,,,"Preserve provenance, state, exception, personal-data risk and handoff",,,,,,,,,,,
D32.1,D32,D31-D40 Transaction,sample_workflow,Is a platform-managed sample workflow visible?,observed,Request Sample and sample price are displayed.,https://wewinchina.en.made-in-china.com/product/JFpnNejMhtcm/China-360W-5000-Rpm-High-Power-High-Speed-Electric-DC-Brush-Motor-with-Hall-Encoder.html,direct-public-page,2026-08-24,Amsterdam/NL sandbox; guest mode,"guest; no account, inquiry, RFQ, order or payment submitted",high,guest buyer / supplier / platform as applicable,Dimension-specific user intent or prerequisite,Request Sample and sample price are displayed.,https://wewinchina.en.made-in-china.com/product/JFpnNejMhtcm/China-360W-5000-Rpm-High-Power-High-Speed-Electric-DC-Brush-Motor-with-Hall-Encoder.html,Sample Workflow,sample_workflow.evaluated,guest/public -> recorded,Authenticated/transaction/region edge cases not executed,No real document submitted; public policy/order/audit artifacts only,No personal data submitted; policy fields noted where relevant,Sample/publisher claims require scope and region validation,PM/UX/ENG/SUP/BUY plus specialist owner,Limited to cited evidence,,,"Preserve provenance, state, exception, personal-data risk and handoff",,,,,,,,,,,
D33.1,D33,D31-D40 Transaction,negotiation,Is negotiation supported?,observed,Inquiry/chat and quotation management support negotiation.,https://activity.made-in-china.com/show/xQrasYIbFmVA/sxutRkLPIEVl/Help_How_to_Source_Products,direct-public-page,2026-08-24,Amsterdam/NL sandbox; guest mode,"guest; no account, inquiry, RFQ, order or payment submitted",high,guest buyer / supplier / platform as applicable,Dimension-specific user intent or prerequisite,Inquiry/chat and quotation management support negotiation.,https://activity.made-in-china.com/show/xQrasYIbFmVA/sxutRkLPIEVl/Help_How_to_Source_Products,Negotiation,negotiation.evaluated,guest/public -> recorded,Authenticated/transaction/region edge cases not executed,No real document submitted; public policy/order/audit artifacts only,No personal data submitted; policy fields noted where relevant,Sample/publisher claims require scope and region validation,PM/UX/ENG/SUP/BUY plus specialist owner,Limited to cited evidence,,,"Preserve provenance, state, exception, personal-data risk and handoff",,,,,,,,,,,
D34.1,D34,D31-D40 Transaction,order_creation,Is an order flow documented?,observed,Secured Trading flow begins Start Order Request and supplier quote.,https://activity.made-in-china.com/show/xQrasYIbFmVA/sxutRkLPIEVl/Help_How_to_Source_Products,direct-public-page,2026-08-24,Amsterdam/NL sandbox; guest mode,"guest; no account, inquiry, RFQ, order or payment submitted",high,guest buyer / supplier / platform as applicable,Dimension-specific user intent or prerequisite,Secured Trading flow begins Start Order Request and supplier quote.,https://activity.made-in-china.com/show/xQrasYIbFmVA/sxutRkLPIEVl/Help_How_to_Source_Products,Order Creation,order_creation.evaluated,guest/public -> recorded,Authenticated/transaction/region edge cases not executed,No real document submitted; public policy/order/audit artifacts only,No personal data submitted; policy fields noted where relevant,Sample/publisher claims require scope and region validation,PM/UX/ENG/SUP/BUY plus specialist owner,Limited to cited evidence,,,"Preserve provenance, state, exception, personal-data risk and handoff",,,,,,,,,,,
D35.1,D35,D31-D40 Transaction,po_pi_documents,Are platform-generated PO or pro-forma invoice documents evidenced?,observed,STS order/quotation functions as online transaction record; PO/PI artifact not directly observed.,https://trading.made-in-china.com/buyerfaq,direct-public-page,2026-08-24,Amsterdam/NL sandbox; guest mode,"guest; no account, inquiry, RFQ, order or payment submitted",high,guest buyer / supplier / platform as applicable,Dimension-specific user intent or prerequisite,STS order/quotation functions as online transaction record; PO/PI artifact not directly observed.,https://trading.made-in-china.com/buyerfaq,Po Pi Documents,po_pi_documents.evaluated,guest/public -> recorded,Authenticated/transaction/region edge cases not executed,No real document submitted; public policy/order/audit artifacts only,No personal data submitted; policy fields noted where relevant,Sample/publisher claims require scope and region validation,PM/UX/ENG/SUP/BUY plus specialist owner,Limited to cited evidence,,,"Preserve provenance, state, exception, personal-data risk and handoff",,,,,,,,,,,
D36.1,D36,D31-D40 Transaction,checkout,What checkout steps are documented?,observed-not-found,No sufficient guest/public evidence found for this dimension.,https://www.made-in-china.com/help/terms/,official-policy,2026-08-24,Amsterdam/NL sandbox; guest mode,"guest; no account, inquiry, RFQ, order or payment submitted",medium,guest buyer / supplier / platform as applicable,Dimension-specific user intent or prerequisite,No sufficient guest/public evidence found for this dimension.,https://www.made-in-china.com/help/terms/,Checkout,checkout.evaluated,guest/public -> observed-not-found,checkout not executed,No real document submitted; public policy/order/audit artifacts only,No personal data submitted; policy fields noted where relevant,Sample/publisher claims require scope and region validation,PM/UX/ENG/SUP/BUY plus specialist owner,Limited to cited evidence,checkout not executed,Use authorized manual/authenticated testing or current official help without submitting real transaction data.,"Preserve provenance, state, exception, personal-data risk and handoff",,,,,,,,,,,
D37.1,D37,D31-D40 Transaction,payment_methods,Which payment methods are stated?,observed,"STS documents card, PayPal, Apple/Google Pay, T/T and local methods with fees/limits.",https://trading.made-in-china.com/buyerfaq,direct-public-page,2026-08-24,Amsterdam/NL sandbox; guest mode,"guest; no account, inquiry, RFQ, order or payment submitted",high,guest buyer / supplier / platform as applicable,Dimension-specific user intent or prerequisite,"STS documents card, PayPal, Apple/Google Pay, T/T and local methods with fees/limits.",https://trading.made-in-china.com/buyerfaq,Payment Methods,payment_methods.evaluated,guest/public -> recorded,Authenticated/transaction/region edge cases not executed,No real document submitted; public policy/order/audit artifacts only,No personal data submitted; policy fields noted where relevant,Sample/publisher claims require scope and region validation,PM/UX/ENG/SUP/BUY plus specialist owner,Limited to cited evidence,,,"Preserve provenance, state, exception, personal-data risk and handoff",card/PayPal fee,2.99,percent,USD,online payment,STS buyer,payment fee,direct,Made-in-China.com,Buyer FAQ,dynamic
D38.1,D38,D31-D40 Transaction,escrow_buyer_protection,Is escrow or platform-held funds evidenced?,observed,PDP explicitly calls STS escrow: funds held by Made-in-China.com until delivery/quality terms and buyer confirmation.,https://wewinchina.en.made-in-china.com/product/JFpnNejMhtcm/China-360W-5000-Rpm-High-Power-High-Speed-Electric-DC-Brush-Motor-with-Hall-Encoder.html,direct-public-page,2026-08-24,Amsterdam/NL sandbox; guest mode,"guest; no account, inquiry, RFQ, order or payment submitted",high,guest buyer / supplier / platform as applicable,Dimension-specific user intent or prerequisite,PDP explicitly calls STS escrow: funds held by Made-in-China.com until delivery/quality terms and buyer confirmation.,https://wewinchina.en.made-in-china.com/product/JFpnNejMhtcm/China-360W-5000-Rpm-High-Power-High-Speed-Electric-DC-Brush-Motor-with-Hall-Encoder.html,Escrow Buyer Protection,escrow_buyer_protection.evaluated,guest/public -> recorded,Authenticated/transaction/region edge cases not executed,No real document submitted; public policy/order/audit artifacts only,No personal data submitted; policy fields noted where relevant,Sample/publisher claims require scope and region validation,PM/UX/ENG/SUP/BUY plus specialist owner,Limited to cited evidence,,,"Preserve provenance, state, exception, personal-data risk and handoff",,,,,,,,,,,
D39.1,D39,D31-D40 Transaction,notifications,Are notification surfaces visible?,observed-not-found,No sufficient guest/public evidence found for this dimension.,https://www.made-in-china.com/help/terms/,official-policy,2026-08-24,Amsterdam/NL sandbox; guest mode,"guest; no account, inquiry, RFQ, order or payment submitted",medium,guest buyer / supplier / platform as applicable,Dimension-specific user intent or prerequisite,No sufficient guest/public evidence found for this dimension.,https://www.made-in-china.com/help/terms/,Notifications,notifications.evaluated,guest/public -> observed-not-found,notifications not observed,No real document submitted; public policy/order/audit artifacts only,No personal data submitted; policy fields noted where relevant,Sample/publisher claims require scope and region validation,PM/UX/ENG/SUP/BUY plus specialist owner,Limited to cited evidence,notifications not observed,Use authorized manual/authenticated testing or current official help without submitting real transaction data.,"Preserve provenance, state, exception, personal-data risk and handoff",,,,,,,,,,,
D40.1,D40,D31-D40 Transaction,order_status,Which order states are documented?,observed,"Buyer FAQ lists Awaiting Quotation, To be confirmed, Payment Unsettled, Unshipped, In Transit, Completed, Refund and Closed states.",https://trading.made-in-china.com/buyerfaq,direct-public-page,2026-08-24,Amsterdam/NL sandbox; guest mode,"guest; no account, inquiry, RFQ, order or payment submitted",high,guest buyer / supplier / platform as applicable,Dimension-specific user intent or prerequisite,"Buyer FAQ lists Awaiting Quotation, To be confirmed, Payment Unsettled, Unshipped, In Transit, Completed, Refund and Closed states.",https://trading.made-in-china.com/buyerfaq,Order Status,order_status.evaluated,guest/public -> recorded,Authenticated/transaction/region edge cases not executed,No real document submitted; public policy/order/audit artifacts only,No personal data submitted; policy fields noted where relevant,Sample/publisher claims require scope and region validation,PM/UX/ENG/SUP/BUY plus specialist owner,Limited to cited evidence,,,"Preserve provenance, state, exception, personal-data risk and handoff",documented STS statuses,10,statuses,not applicable,buyer FAQ,STS,order-state taxonomy,direct count,Made-in-China.com,Buyer FAQ,dynamic
D41.1,D41,D41-D50 Fulfillment,shipping_quote,How is shipping price handled?,observed,Shipping cost requires supplier contact; platform logistics is advertised for protected orders.,https://wewinchina.en.made-in-china.com/product/JFpnNejMhtcm/China-360W-5000-Rpm-High-Power-High-Speed-Electric-DC-Brush-Motor-with-Hall-Encoder.html,direct-public-page,2026-08-24,Amsterdam/NL sandbox; guest mode,"guest; no account, inquiry, RFQ, order or payment submitted",high,guest buyer / supplier / platform as applicable,Dimension-specific user intent or prerequisite,Shipping cost requires supplier contact; platform logistics is advertised for protected orders.,https://wewinchina.en.made-in-china.com/product/JFpnNejMhtcm/China-360W-5000-Rpm-High-Power-High-Speed-Electric-DC-Brush-Motor-with-Hall-Encoder.html,Shipping Quote,shipping_quote.evaluated,guest/public -> recorded,Authenticated/transaction/region edge cases not executed,No real document submitted; public policy/order/audit artifacts only,No personal data submitted; policy fields noted where relevant,Sample/publisher claims require scope and region validation,PM/UX/ENG/SUP/BUY plus specialist owner,Limited to cited evidence,,,"Preserve provenance, state, exception, personal-data risk and handoff",,,,,,,,,,,
D42.1,D42,D41-D50 Fulfillment,carrier_freight,Are logistics integrations/settings evidenced?,observed,Platform Logistics and shipment tracking are described; execution not performed.,https://wewinchina.en.made-in-china.com/product/JFpnNejMhtcm/China-360W-5000-Rpm-High-Power-High-Speed-Electric-DC-Brush-Motor-with-Hall-Encoder.html,direct-public-page,2026-08-24,Amsterdam/NL sandbox; guest mode,"guest; no account, inquiry, RFQ, order or payment submitted",high,guest buyer / supplier / platform as applicable,Dimension-specific user intent or prerequisite,Platform Logistics and shipment tracking are described; execution not performed.,https://wewinchina.en.made-in-china.com/product/JFpnNejMhtcm/China-360W-5000-Rpm-High-Power-High-Speed-Electric-DC-Brush-Motor-with-Hall-Encoder.html,Carrier Freight,carrier_freight.evaluated,guest/public -> recorded,Authenticated/transaction/region edge cases not executed,No real document submitted; public policy/order/audit artifacts only,No personal data submitted; policy fields noted where relevant,Sample/publisher claims require scope and region validation,PM/UX/ENG/SUP/BUY plus specialist owner,Limited to cited evidence,,,"Preserve provenance, state, exception, personal-data risk and handoff",,,,,,,,,,,
D43.1,D43,D41-D50 Fulfillment,incoterms,Are Incoterms structured in product/order UI?,observed,Supplier/product pages can expose Incoterms; sampled product did not show structured Incoterm.,https://wewinchina.en.made-in-china.com/product/JFpnNejMhtcm/China-360W-5000-Rpm-High-Power-High-Speed-Electric-DC-Brush-Motor-with-Hall-Encoder.html,direct-public-page,2026-08-24,Amsterdam/NL sandbox; guest mode,"guest; no account, inquiry, RFQ, order or payment submitted",high,guest buyer / supplier / platform as applicable,Dimension-specific user intent or prerequisite,Supplier/product pages can expose Incoterms; sampled product did not show structured Incoterm.,https://wewinchina.en.made-in-china.com/product/JFpnNejMhtcm/China-360W-5000-Rpm-High-Power-High-Speed-Electric-DC-Brush-Motor-with-Hall-Encoder.html,Incoterms,incoterms.evaluated,guest/public -> recorded,Authenticated/transaction/region edge cases not executed,No real document submitted; public policy/order/audit artifacts only,No personal data submitted; policy fields noted where relevant,Sample/publisher claims require scope and region validation,PM/UX/ENG/SUP/BUY plus specialist owner,Limited to cited evidence,,,"Preserve provenance, state, exception, personal-data risk and handoff",,,,,,,,,,,
D44.1,D44,D41-D50 Fulfillment,trade_documents,"Are invoice, packing list, COO or bill-of-lading workflows shown?",observed-not-found,No sufficient guest/public evidence found for this dimension.,https://www.made-in-china.com/help/terms/,official-policy,2026-08-24,Amsterdam/NL sandbox; guest mode,"guest; no account, inquiry, RFQ, order or payment submitted",medium,guest buyer / supplier / platform as applicable,Dimension-specific user intent or prerequisite,No sufficient guest/public evidence found for this dimension.,https://www.made-in-china.com/help/terms/,Trade Documents,trade_documents.evaluated,guest/public -> observed-not-found,trade document generation not observed,No real document submitted; public policy/order/audit artifacts only,No personal data submitted; policy fields noted where relevant,Sample/publisher claims require scope and region validation,PM/UX/ENG/SUP/BUY plus specialist owner,Limited to cited evidence,trade document generation not observed,Use authorized manual/authenticated testing or current official help without submitting real transaction data.,"Preserve provenance, state, exception, personal-data risk and handoff",,,,,,,,,,,
D45.1,D45,D41-D50 Fulfillment,shipment_tracking,Is platform shipment tracking evidenced?,observed,My Orders tracking is documented after Pay Now.,https://activity.made-in-china.com/show/xQrasYIbFmVA/sxutRkLPIEVl/Help_How_to_Source_Products,direct-public-page,2026-08-24,Amsterdam/NL sandbox; guest mode,"guest; no account, inquiry, RFQ, order or payment submitted",high,guest buyer / supplier / platform as applicable,Dimension-specific user intent or prerequisite,My Orders tracking is documented after Pay Now.,https://activity.made-in-china.com/show/xQrasYIbFmVA/sxutRkLPIEVl/Help_How_to_Source_Products,Shipment Tracking,shipment_tracking.evaluated,guest/public -> recorded,Authenticated/transaction/region edge cases not executed,No real document submitted; public policy/order/audit artifacts only,No personal data submitted; policy fields noted where relevant,Sample/publisher claims require scope and region validation,PM/UX/ENG/SUP/BUY plus specialist owner,Limited to cited evidence,,,"Preserve provenance, state, exception, personal-data risk and handoff",,,,,,,,,,,
D46.1,D46,D41-D50 Fulfillment,inspection,Is transactional inspection ordering evidenced?,observed,Optional pre-shipment inspection for quality and quantity is advertised.,https://wewinchina.en.made-in-china.com/product/JFpnNejMhtcm/China-360W-5000-Rpm-High-Power-High-Speed-Electric-DC-Brush-Motor-with-Hall-Encoder.html,direct-public-page,2026-08-24,Amsterdam/NL sandbox; guest mode,"guest; no account, inquiry, RFQ, order or payment submitted",high,guest buyer / supplier / platform as applicable,Dimension-specific user intent or prerequisite,Optional pre-shipment inspection for quality and quantity is advertised.,https://wewinchina.en.made-in-china.com/product/JFpnNejMhtcm/China-360W-5000-Rpm-High-Power-High-Speed-Electric-DC-Brush-Motor-with-Hall-Encoder.html,Inspection,inspection.evaluated,guest/public -> recorded,Authenticated/transaction/region edge cases not executed,No real document submitted; public policy/order/audit artifacts only,No personal data submitted; policy fields noted where relevant,Sample/publisher claims require scope and region validation,PM/UX/ENG/SUP/BUY plus specialist owner,Limited to cited evidence,,,"Preserve provenance, state, exception, personal-data risk and handoff",,,,,,,,,,,
D47.1,D47,D41-D50 Fulfillment,delivery_confirmation,Is buyer delivery acceptance evidenced?,observed,Completed occurs after buyer confirms receipt and payment is usually released.,https://trading.made-in-china.com/buyerfaq,direct-public-page,2026-08-24,Amsterdam/NL sandbox; guest mode,"guest; no account, inquiry, RFQ, order or payment submitted",high,guest buyer / supplier / platform as applicable,Dimension-specific user intent or prerequisite,Completed occurs after buyer confirms receipt and payment is usually released.,https://trading.made-in-china.com/buyerfaq,Delivery Confirmation,delivery_confirmation.evaluated,guest/public -> recorded,Authenticated/transaction/region edge cases not executed,No real document submitted; public policy/order/audit artifacts only,No personal data submitted; policy fields noted where relevant,Sample/publisher claims require scope and region validation,PM/UX/ENG/SUP/BUY plus specialist owner,Limited to cited evidence,,,"Preserve provenance, state, exception, personal-data risk and handoff",,,,,,,,,,,
D48.1,D48,D41-D50 Fulfillment,returns_refunds,Are return/refund terms captured?,observed,After-sales advertises refunds/returns when applicable; exact return workflow not executed.,https://wewinchina.en.made-in-china.com/product/JFpnNejMhtcm/China-360W-5000-Rpm-High-Power-High-Speed-Electric-DC-Brush-Motor-with-Hall-Encoder.html,direct-public-page,2026-08-24,Amsterdam/NL sandbox; guest mode,"guest; no account, inquiry, RFQ, order or payment submitted",high,guest buyer / supplier / platform as applicable,Dimension-specific user intent or prerequisite,After-sales advertises refunds/returns when applicable; exact return workflow not executed.,https://wewinchina.en.made-in-china.com/product/JFpnNejMhtcm/China-360W-5000-Rpm-High-Power-High-Speed-Electric-DC-Brush-Motor-with-Hall-Encoder.html,Returns Refunds,returns_refunds.evaluated,guest/public -> recorded,Authenticated/transaction/region edge cases not executed,No real document submitted; public policy/order/audit artifacts only,No personal data submitted; policy fields noted where relevant,Sample/publisher claims require scope and region validation,PM/UX/ENG/SUP/BUY plus specialist owner,Limited to cited evidence,,,"Preserve provenance, state, exception, personal-data risk and handoff",,,,,,,,,,,
D49.1,D49,D41-D50 Fulfillment,claims,Where can post-payment issues be raised?,observed,STS offers 30-day refund application after receipt for delivery/product issues.,https://trading.made-in-china.com/buyerfaq,direct-public-page,2026-08-24,Amsterdam/NL sandbox; guest mode,"guest; no account, inquiry, RFQ, order or payment submitted",high,guest buyer / supplier / platform as applicable,Dimension-specific user intent or prerequisite,STS offers 30-day refund application after receipt for delivery/product issues.,https://trading.made-in-china.com/buyerfaq,Claims,claims.evaluated,guest/public -> recorded,Authenticated/transaction/region edge cases not executed,No real document submitted; public policy/order/audit artifacts only,No personal data submitted; policy fields noted where relevant,Sample/publisher claims require scope and region validation,PM/UX/ENG/SUP/BUY plus specialist owner,Limited to cited evidence,,,"Preserve provenance, state, exception, personal-data risk and handoff",refund window,30,days after receipt,not applicable,STS eligible order,STS,refund policy,publisher-stated,Made-in-China.com,Buyer FAQ,dynamic
D50.1,D50,D41-D50 Fulfillment,dispute_resolution,Is dispute resolution native or external?,observed,Platform-assisted dispute handling is advertised; Buyer FAQ contains refund/chargeback states.,https://wewinchina.en.made-in-china.com/product/JFpnNejMhtcm/China-360W-5000-Rpm-High-Power-High-Speed-Electric-DC-Brush-Motor-with-Hall-Encoder.html,direct-public-page,2026-08-24,Amsterdam/NL sandbox; guest mode,"guest; no account, inquiry, RFQ, order or payment submitted",high,guest buyer / supplier / platform as applicable,Dimension-specific user intent or prerequisite,Platform-assisted dispute handling is advertised; Buyer FAQ contains refund/chargeback states.,https://wewinchina.en.made-in-china.com/product/JFpnNejMhtcm/China-360W-5000-Rpm-High-Power-High-Speed-Electric-DC-Brush-Motor-with-Hall-Encoder.html,Dispute Resolution,dispute_resolution.evaluated,guest/public -> recorded,Authenticated/transaction/region edge cases not executed,No real document submitted; public policy/order/audit artifacts only,No personal data submitted; policy fields noted where relevant,Sample/publisher claims require scope and region validation,PM/UX/ENG/SUP/BUY plus specialist owner,Limited to cited evidence,,,"Preserve provenance, state, exception, personal-data risk and handoff",,,,,,,,,,,
D51.1,D51,D51-D60 Trust,supplier_verification,How is supplier/certificate verification evidenced?,observed,Audited Supplier uses SGS/BV/TÜV/CTI and free online audit reports.,https://www.made-in-china.com/audited-suppliers/for-buyers/,direct-public-page,2026-08-24,Amsterdam/NL sandbox; guest mode,"guest; no account, inquiry, RFQ, order or payment submitted",high,guest buyer / supplier / platform as applicable,Dimension-specific user intent or prerequisite,Audited Supplier uses SGS/BV/TÜV/CTI and free online audit reports.,https://www.made-in-china.com/audited-suppliers/for-buyers/,Supplier Verification,supplier_verification.evaluated,guest/public -> recorded,Authenticated/transaction/region edge cases not executed,No real document submitted; public policy/order/audit artifacts only,No personal data submitted; policy fields noted where relevant,Sample/publisher claims require scope and region validation,PM/UX/ENG/SUP/BUY plus specialist owner,Limited to cited evidence,,,"Preserve provenance, state, exception, personal-data risk and handoff",audit capability areas,8,areas,not applicable,audit service,China suppliers,audit taxonomy,direct count,Made-in-China.com,Audited Suppliers,updated service 2023
D52.1,D52,D51-D60 Trust,buyer_verification,What buyer KYB/verification badge exists?,observed,"Buyer data/KYC-like fields are collected, but buyer verification badge was not observed.",https://www.made-in-china.com/help/policy/,official-policy,2026-08-24,Amsterdam/NL sandbox; guest mode,"guest; no account, inquiry, RFQ, order or payment submitted",high,guest buyer / supplier / platform as applicable,Dimension-specific user intent or prerequisite,"Buyer data/KYC-like fields are collected, but buyer verification badge was not observed.",https://www.made-in-china.com/help/policy/,Buyer Verification,buyer_verification.evaluated,guest/public -> recorded,Authenticated/transaction/region edge cases not executed,No real document submitted; public policy/order/audit artifacts only,No personal data submitted; policy fields noted where relevant,Sample/publisher claims require scope and region validation,PM/UX/ENG/SUP/BUY plus specialist owner,Limited to cited evidence,,,"Preserve provenance, state, exception, personal-data risk and handoff",,,,,,,,,,,
D53.1,D53,D51-D60 Trust,badges_certifications,Where are trust marks shown?,observed,"Gold Member, Audited Supplier, verified license/export/strength labels are visible.",https://wewinchina.en.made-in-china.com/product/JFpnNejMhtcm/China-360W-5000-Rpm-High-Power-High-Speed-Electric-DC-Brush-Motor-with-Hall-Encoder.html,direct-public-page,2026-08-24,Amsterdam/NL sandbox; guest mode,"guest; no account, inquiry, RFQ, order or payment submitted",high,guest buyer / supplier / platform as applicable,Dimension-specific user intent or prerequisite,"Gold Member, Audited Supplier, verified license/export/strength labels are visible.",https://wewinchina.en.made-in-china.com/product/JFpnNejMhtcm/China-360W-5000-Rpm-High-Power-High-Speed-Electric-DC-Brush-Motor-with-Hall-Encoder.html,Badges Certifications,badges_certifications.evaluated,guest/public -> recorded,Authenticated/transaction/region edge cases not executed,No real document submitted; public policy/order/audit artifacts only,No personal data submitted; policy fields noted where relevant,Sample/publisher claims require scope and region validation,PM/UX/ENG/SUP/BUY plus specialist owner,Limited to cited evidence,,,"Preserve provenance, state, exception, personal-data risk and handoff",,,,,,,,,,,
D54.1,D54,D51-D60 Trust,ratings_reviews,Are buyer ratings/reviews visible?,observed,Sample supplier rating is visible; detailed review workflow not sampled.,https://wewinchina.en.made-in-china.com/product/JFpnNejMhtcm/China-360W-5000-Rpm-High-Power-High-Speed-Electric-DC-Brush-Motor-with-Hall-Encoder.html,direct-public-page,2026-08-24,Amsterdam/NL sandbox; guest mode,"guest; no account, inquiry, RFQ, order or payment submitted",high,guest buyer / supplier / platform as applicable,Dimension-specific user intent or prerequisite,Sample supplier rating is visible; detailed review workflow not sampled.,https://wewinchina.en.made-in-china.com/product/JFpnNejMhtcm/China-360W-5000-Rpm-High-Power-High-Speed-Electric-DC-Brush-Motor-with-Hall-Encoder.html,Ratings Reviews,ratings_reviews.evaluated,guest/public -> recorded,Authenticated/transaction/region edge cases not executed,No real document submitted; public policy/order/audit artifacts only,No personal data submitted; policy fields noted where relevant,Sample/publisher claims require scope and region validation,PM/UX/ENG/SUP/BUY plus specialist owner,Limited to cited evidence,,,"Preserve provenance, state, exception, personal-data risk and handoff",,,,,,,,,,,
D55.1,D55,D51-D60 Trust,fraud_reporting,Is a dedicated fraud/report action visible?,observed-not-found,No sufficient guest/public evidence found for this dimension.,https://www.made-in-china.com/help/terms/,official-policy,2026-08-24,Amsterdam/NL sandbox; guest mode,"guest; no account, inquiry, RFQ, order or payment submitted",medium,guest buyer / supplier / platform as applicable,Dimension-specific user intent or prerequisite,No sufficient guest/public evidence found for this dimension.,https://www.made-in-china.com/help/terms/,Fraud Reporting,fraud_reporting.evaluated,guest/public -> observed-not-found,fraud report control not sampled,No real document submitted; public policy/order/audit artifacts only,No personal data submitted; policy fields noted where relevant,Sample/publisher claims require scope and region validation,PM/UX/ENG/SUP/BUY plus specialist owner,Limited to cited evidence,fraud report control not sampled,Use authorized manual/authenticated testing or current official help without submitting real transaction data.,"Preserve provenance, state, exception, personal-data risk and handoff",,,,,,,,,,,
D56.1,D56,D51-D60 Trust,moderation,Are prohibited conduct and enforcement rights documented?,observed,Terms prohibit false identities and unauthorized collection; platform rules govern content.,https://www.made-in-china.com/help/terms/,official-policy,2026-08-24,Amsterdam/NL sandbox; guest mode,"guest; no account, inquiry, RFQ, order or payment submitted",high,guest buyer / supplier / platform as applicable,Dimension-specific user intent or prerequisite,Terms prohibit false identities and unauthorized collection; platform rules govern content.,https://www.made-in-china.com/help/terms/,Moderation,moderation.evaluated,guest/public -> recorded,Authenticated/transaction/region edge cases not executed,No real document submitted; public policy/order/audit artifacts only,No personal data submitted; policy fields noted where relevant,Sample/publisher claims require scope and region validation,PM/UX/ENG/SUP/BUY plus specialist owner,Limited to cited evidence,,,"Preserve provenance, state, exception, personal-data risk and handoff",,,,,,,,,,,
D57.1,D57,D51-D60 Trust,customer_support,Is support accessible?,observed,Buyer terms provide contact channels and normally 7-working-day reply statement.,https://www.made-in-china.com/help/terms/,official-policy,2026-08-24,Amsterdam/NL sandbox; guest mode,"guest; no account, inquiry, RFQ, order or payment submitted",high,guest buyer / supplier / platform as applicable,Dimension-specific user intent or prerequisite,Buyer terms provide contact channels and normally 7-working-day reply statement.,https://www.made-in-china.com/help/terms/,Customer Support,customer_support.evaluated,guest/public -> recorded,Authenticated/transaction/region edge cases not executed,No real document submitted; public policy/order/audit artifacts only,No personal data submitted; policy fields noted where relevant,Sample/publisher claims require scope and region validation,PM/UX/ENG/SUP/BUY plus specialist owner,Limited to cited evidence,,,"Preserve provenance, state, exception, personal-data risk and handoff",,,,,,,,,,,
D58.1,D58,D51-D60 Trust,support_sla,Are response/resolution SLAs published?,observed-not-found,No sufficient guest/public evidence found for this dimension.,https://www.made-in-china.com/help/terms/,official-policy,2026-08-24,Amsterdam/NL sandbox; guest mode,"guest; no account, inquiry, RFQ, order or payment submitted",medium,guest buyer / supplier / platform as applicable,Dimension-specific user intent or prerequisite,No sufficient guest/public evidence found for this dimension.,https://www.made-in-china.com/help/terms/,Support Sla,support_sla.evaluated,guest/public -> observed-not-found,support SLA beyond policy reply target not observed,No real document submitted; public policy/order/audit artifacts only,No personal data submitted; policy fields noted where relevant,Sample/publisher claims require scope and region validation,PM/UX/ENG/SUP/BUY plus specialist owner,Limited to cited evidence,support SLA beyond policy reply target not observed,Use authorized manual/authenticated testing or current official help without submitting real transaction data.,"Preserve provenance, state, exception, personal-data risk and handoff",,,,,,,,,,,
D59.1,D59,D51-D60 Trust,trust_education,Does platform educate buyers about verification?,observed,"New User Guide explains search, audit, inquiry, RFQ and secure order.",https://activity.made-in-china.com/show/xQrasYIbFmVA/sxutRkLPIEVl/Help_How_to_Source_Products,direct-public-page,2026-08-24,Amsterdam/NL sandbox; guest mode,"guest; no account, inquiry, RFQ, order or payment submitted",high,guest buyer / supplier / platform as applicable,Dimension-specific user intent or prerequisite,"New User Guide explains search, audit, inquiry, RFQ and secure order.",https://activity.made-in-china.com/show/xQrasYIbFmVA/sxutRkLPIEVl/Help_How_to_Source_Products,Trust Education,trust_education.evaluated,guest/public -> recorded,Authenticated/transaction/region edge cases not executed,No real document submitted; public policy/order/audit artifacts only,No personal data submitted; policy fields noted where relevant,Sample/publisher claims require scope and region validation,PM/UX/ENG/SUP/BUY plus specialist owner,Limited to cited evidence,,,"Preserve provenance, state, exception, personal-data risk and handoff",,,,,,,,,,,
D60.1,D60,D51-D60 Trust,enforcement_account_controls,Are account/content controls documented?,observed,"Terms/policies establish account, content and enforcement obligations; exact appeal state not mapped.",https://www.made-in-china.com/help/terms/,official-policy,2026-08-24,Amsterdam/NL sandbox; guest mode,"guest; no account, inquiry, RFQ, order or payment submitted",high,guest buyer / supplier / platform as applicable,Dimension-specific user intent or prerequisite,"Terms/policies establish account, content and enforcement obligations; exact appeal state not mapped.",https://www.made-in-china.com/help/terms/,Enforcement Account Controls,enforcement_account_controls.evaluated,guest/public -> recorded,Authenticated/transaction/region edge cases not executed,No real document submitted; public policy/order/audit artifacts only,No personal data submitted; policy fields noted where relevant,Sample/publisher claims require scope and region validation,PM/UX/ENG/SUP/BUY plus specialist owner,Limited to cited evidence,,,"Preserve provenance, state, exception, personal-data risk and handoff",,,,,,,,,,,
D61.1,D61,D61-D68 Technical,language_localization,Which language/localization capabilities are visible?,observed,About page exposes 15 locale links while also claiming 11 languages in a metric block; discrepancy retained.,https://www.made-in-china.com/aboutus/main/,direct-public-page,2026-08-24,Amsterdam/NL sandbox; guest mode,"guest; no account, inquiry, RFQ, order or payment submitted",high,guest buyer / supplier / platform as applicable,Dimension-specific user intent or prerequisite,About page exposes 15 locale links while also claiming 11 languages in a metric block; discrepancy retained.,https://www.made-in-china.com/aboutus/main/,Language Localization,language_localization.evaluated,guest/public -> recorded,Authenticated/transaction/region edge cases not executed,No real document submitted; public policy/order/audit artifacts only,No personal data submitted; policy fields noted where relevant,Sample/publisher claims require scope and region validation,PM/UX/ENG/SUP/BUY plus specialist owner,Limited to cited evidence,,,"Preserve provenance, state, exception, personal-data risk and handoff",,,,,,,,,,,
D62.1,D62,D61-D68 Technical,currency,Which currencies are displayed?,observed,PDP prices USD; STS supports USD/EUR/CNY for T/T and regional payment limits.,https://wewinchina.en.made-in-china.com/product/JFpnNejMhtcm/China-360W-5000-Rpm-High-Power-High-Speed-Electric-DC-Brush-Motor-with-Hall-Encoder.html,direct-public-page,2026-08-24,Amsterdam/NL sandbox; guest mode,"guest; no account, inquiry, RFQ, order or payment submitted",high,guest buyer / supplier / platform as applicable,Dimension-specific user intent or prerequisite,PDP prices USD; STS supports USD/EUR/CNY for T/T and regional payment limits.,https://wewinchina.en.made-in-china.com/product/JFpnNejMhtcm/China-360W-5000-Rpm-High-Power-High-Speed-Electric-DC-Brush-Motor-with-Hall-Encoder.html,Currency,currency.evaluated,guest/public -> recorded,Authenticated/transaction/region edge cases not executed,No real document submitted; public policy/order/audit artifacts only,No personal data submitted; policy fields noted where relevant,Sample/publisher claims require scope and region validation,PM/UX/ENG/SUP/BUY plus specialist owner,Limited to cited evidence,,,"Preserve provenance, state, exception, personal-data risk and handoff",,,,,,,,,,,
D63.1,D63,D61-D68 Technical,country_region,How is region represented?,observed,Terms/policies and payment methods imply regional variation; Iran availability not verified.,https://www.made-in-china.com/help/terms/,official-policy,2026-08-24,Amsterdam/NL sandbox; guest mode,"guest; no account, inquiry, RFQ, order or payment submitted",high,guest buyer / supplier / platform as applicable,Dimension-specific user intent or prerequisite,Terms/policies and payment methods imply regional variation; Iran availability not verified.,https://www.made-in-china.com/help/terms/,Country Region,country_region.evaluated,guest/public -> recorded,Authenticated/transaction/region edge cases not executed,No real document submitted; public policy/order/audit artifacts only,No personal data submitted; policy fields noted where relevant,Sample/publisher claims require scope and region validation,PM/UX/ENG/SUP/BUY plus specialist owner,Limited to cited evidence,,,"Preserve provenance, state, exception, personal-data risk and handoff",,,,,,,,,,,
D64.1,D64,D61-D68 Technical,seo_metadata,Are basic SEO signals visible?,observed,Public pages expose descriptive titles/breadcrumb/category/PDP structures.,https://wewinchina.en.made-in-china.com/product/JFpnNejMhtcm/China-360W-5000-Rpm-High-Power-High-Speed-Electric-DC-Brush-Motor-with-Hall-Encoder.html,direct-public-page,2026-08-24,Amsterdam/NL sandbox; guest mode,"guest; no account, inquiry, RFQ, order or payment submitted",high,guest buyer / supplier / platform as applicable,Dimension-specific user intent or prerequisite,Public pages expose descriptive titles/breadcrumb/category/PDP structures.,https://wewinchina.en.made-in-china.com/product/JFpnNejMhtcm/China-360W-5000-Rpm-High-Power-High-Speed-Electric-DC-Brush-Motor-with-Hall-Encoder.html,Seo Metadata,seo_metadata.evaluated,guest/public -> recorded,Authenticated/transaction/region edge cases not executed,No real document submitted; public policy/order/audit artifacts only,No personal data submitted; policy fields noted where relevant,Sample/publisher claims require scope and region validation,PM/UX/ENG/SUP/BUY plus specialist owner,Limited to cited evidence,,,"Preserve provenance, state, exception, personal-data risk and handoff",,,,,,,,,,,
D65.1,D65,D61-D68 Technical,url_patterns,Are page-type URL patterns stable and descriptive?,observed,"URL families separate catalogs, product supplier subdomains, purchase, trading, audit, help and member center.",https://www.made-in-china.com/,direct-public-page,2026-08-24,Amsterdam/NL sandbox; guest mode,"guest; no account, inquiry, RFQ, order or payment submitted",high,guest buyer / supplier / platform as applicable,Dimension-specific user intent or prerequisite,"URL families separate catalogs, product supplier subdomains, purchase, trading, audit, help and member center.",https://www.made-in-china.com/,Url Patterns,url_patterns.evaluated,guest/public -> recorded,Authenticated/transaction/region edge cases not executed,No real document submitted; public policy/order/audit artifacts only,No personal data submitted; policy fields noted where relevant,Sample/publisher claims require scope and region validation,PM/UX/ENG/SUP/BUY plus specialist owner,Limited to cited evidence,,,"Preserve provenance, state, exception, personal-data risk and handoff",,,,,,,,,,,
D66.1,D66,D61-D68 Technical,mobile_responsive,Is mobile behavior validated?,observed-not-found,No sufficient guest/public evidence found for this dimension.,https://www.made-in-china.com/,direct-public-page,2026-08-24,Amsterdam/NL sandbox; guest mode,"guest; no account, inquiry, RFQ, order or payment submitted",medium,guest buyer / supplier / platform as applicable,Dimension-specific user intent or prerequisite,No sufficient guest/public evidence found for this dimension.,https://www.made-in-china.com/,Mobile Responsive,mobile_responsive.evaluated,guest/public -> observed-not-found,mobile not tested,No real document submitted; public policy/order/audit artifacts only,No personal data submitted; policy fields noted where relevant,Sample/publisher claims require scope and region validation,PM/UX/ENG/SUP/BUY plus specialist owner,Limited to cited evidence,mobile not tested,Use authorized manual/authenticated testing or current official help without submitting real transaction data.,"Preserve provenance, state, exception, personal-data risk and handoff",,,,,,,,,,,
D67.1,D67,D61-D68 Technical,accessibility,Are WCAG/keyboard/screen-reader outcomes validated?,observed-not-found,No sufficient guest/public evidence found for this dimension.,https://www.made-in-china.com/,direct-public-page,2026-08-24,Amsterdam/NL sandbox; guest mode,"guest; no account, inquiry, RFQ, order or payment submitted",medium,guest buyer / supplier / platform as applicable,Dimension-specific user intent or prerequisite,No sufficient guest/public evidence found for this dimension.,https://www.made-in-china.com/,Accessibility,accessibility.evaluated,guest/public -> observed-not-found,a11y not tested,No real document submitted; public policy/order/audit artifacts only,No personal data submitted; policy fields noted where relevant,Sample/publisher claims require scope and region validation,PM/UX/ENG/SUP/BUY plus specialist owner,Limited to cited evidence,a11y not tested,Use authorized manual/authenticated testing or current official help without submitting real transaction data.,"Preserve provenance, state, exception, personal-data risk and handoff",,,,,,,,,,,
D68.1,D68,D61-D68 Technical,performance,Are load/performance metrics measured?,observed-not-found,No sufficient guest/public evidence found for this dimension.,https://www.made-in-china.com/,direct-public-page,2026-08-24,Amsterdam/NL sandbox; guest mode,"guest; no account, inquiry, RFQ, order or payment submitted",medium,guest buyer / supplier / platform as applicable,Dimension-specific user intent or prerequisite,No sufficient guest/public evidence found for this dimension.,https://www.made-in-china.com/,Performance,performance.evaluated,guest/public -> observed-not-found,performance not tested,No real document submitted; public policy/order/audit artifacts only,No personal data submitted; policy fields noted where relevant,Sample/publisher claims require scope and region validation,PM/UX/ENG/SUP/BUY plus specialist owner,Limited to cited evidence,performance not tested,Use authorized manual/authenticated testing or current official help without submitting real transaction data.,"Preserve provenance, state, exception, personal-data risk and handoff",,,,,,,,,,,
D69.1,D69,D69-D73 Commercial/policy,revenue_model,What monetization is publicly evidenced?,observed,Supplier monetization includes advanced membership and service-market packages; current public fee table not observed.,https://www.made-in-china.com/aboutus/main/,direct-public-page,2026-08-24,Amsterdam/NL sandbox; guest mode,"guest; no account, inquiry, RFQ, order or payment submitted",high,guest buyer / supplier / platform as applicable,Dimension-specific user intent or prerequisite,Supplier monetization includes advanced membership and service-market packages; current public fee table not observed.,https://www.made-in-china.com/aboutus/main/,Revenue Model,revenue_model.evaluated,guest/public -> recorded,Authenticated/transaction/region edge cases not executed,No real document submitted; public policy/order/audit artifacts only,No personal data submitted; policy fields noted where relevant,Sample/publisher claims require scope and region validation,PM/UX/ENG/SUP/BUY plus specialist owner,Limited to cited evidence,,,"Preserve provenance, state, exception, personal-data risk and handoff",,,,,,,,,,,
D70.1,D70,D69-D73 Commercial/policy,advertising_promoted_listings,Are paid exposure products evidenced?,observed,"Homepage promotions, best-sale/special pages and membership visibility cues are present.",https://www.made-in-china.com/,direct-public-page,2026-08-24,Amsterdam/NL sandbox; guest mode,"guest; no account, inquiry, RFQ, order or payment submitted",high,guest buyer / supplier / platform as applicable,Dimension-specific user intent or prerequisite,"Homepage promotions, best-sale/special pages and membership visibility cues are present.",https://www.made-in-china.com/,Advertising Promoted Listings,advertising_promoted_listings.evaluated,guest/public -> recorded,Authenticated/transaction/region edge cases not executed,No real document submitted; public policy/order/audit artifacts only,No personal data submitted; policy fields noted where relevant,Sample/publisher claims require scope and region validation,PM/UX/ENG/SUP/BUY plus specialist owner,Limited to cited evidence,,,"Preserve provenance, state, exception, personal-data risk and handoff",,,,,,,,,,,
D71.1,D71,D69-D73 Commercial/policy,promotions_merchandising,Are promotions/editorial merchandising visible?,observed,"Golden Sourcing Season, Top Picks, Leading Factory and Selected Supplier merchandising are visible.",https://www.made-in-china.com/,direct-public-page,2026-08-24,Amsterdam/NL sandbox; guest mode,"guest; no account, inquiry, RFQ, order or payment submitted",high,guest buyer / supplier / platform as applicable,Dimension-specific user intent or prerequisite,"Golden Sourcing Season, Top Picks, Leading Factory and Selected Supplier merchandising are visible.",https://www.made-in-china.com/,Promotions Merchandising,promotions_merchandising.evaluated,guest/public -> recorded,Authenticated/transaction/region edge cases not executed,No real document submitted; public policy/order/audit artifacts only,No personal data submitted; policy fields noted where relevant,Sample/publisher claims require scope and region validation,PM/UX/ENG/SUP/BUY plus specialist owner,Limited to cited evidence,,,"Preserve provenance, state, exception, personal-data risk and handoff",,,,,,,,,,,
D72.1,D72,D69-D73 Commercial/policy,api_integrations,Are APIs or integrations evidenced?,observed,"Apps, Smart Expo, service market and secured trading integrations exist; public developer API not observed.",https://www.made-in-china.com/aboutus/main/,direct-public-page,2026-08-24,Amsterdam/NL sandbox; guest mode,"guest; no account, inquiry, RFQ, order or payment submitted",high,guest buyer / supplier / platform as applicable,Dimension-specific user intent or prerequisite,"Apps, Smart Expo, service market and secured trading integrations exist; public developer API not observed.",https://www.made-in-china.com/aboutus/main/,Api Integrations,api_integrations.evaluated,guest/public -> recorded,Authenticated/transaction/region edge cases not executed,No real document submitted; public policy/order/audit artifacts only,No personal data submitted; policy fields noted where relevant,Sample/publisher claims require scope and region validation,PM/UX/ENG/SUP/BUY plus specialist owner,Limited to cited evidence,,,"Preserve provenance, state, exception, personal-data risk and handoff",,,,,,,,,,,
D73.1,D73,D69-D73 Commercial/policy,data_content_policies,Which data/content policies apply?,observed,"Buyer Terms and Privacy govern account, transaction, communication, device/log and cross-border data.",https://www.made-in-china.com/help/policy/,official-policy,2026-08-24,Amsterdam/NL sandbox; guest mode,"guest; no account, inquiry, RFQ, order or payment submitted",high,guest buyer / supplier / platform as applicable,Dimension-specific user intent or prerequisite,"Buyer Terms and Privacy govern account, transaction, communication, device/log and cross-border data.",https://www.made-in-china.com/help/policy/,Data Content Policies,data_content_policies.evaluated,guest/public -> recorded,Authenticated/transaction/region edge cases not executed,No real document submitted; public policy/order/audit artifacts only,No personal data submitted; policy fields noted where relevant,Sample/publisher claims require scope and region validation,PM/UX/ENG/SUP/BUY plus specialist owner,Limited to cited evidence,,,"Preserve provenance, state, exception, personal-data risk and handoff",,,,,,,,,,,
