dimension_id,group,field_name,question,evidence_state,observed_fact,evidence_url,evidence_type,observed_at,region,access_mode,confidence,actor,input,output,system_state,exception_path,cost_time,risk,dependency,inference,gap_reason,next_method,product_implication,metric_name,metric_value,metric_unit,metric_currency,metric_period,metric_territory,metric_classification,metric_method,metric_publisher,source_title,source_publication_date,validation_status,validation_errors,template_version
D00,D00 Positioning,positioning_audience_geography,"What is the platform position, audience, geography, category breadth and proposition?",observed,"HKTDC labels Sourcing an e-marketplace connecting global buyers and suppliers; guest home exposes products, services, suppliers, categories, RFQ and supplier enrollment.",https://sourcing.hktdc.com/newsbites/tips/hktdc-sourcing/,official-editorial-page,2026-08-24,Amsterdam/NL sandbox; guest mode,guest; no account created,high,buyer; supplier,,"discovery, enquiry and sourcing entry points",,,,Publisher self-description is not independent performance evidence.,,,,,Template must preserve publisher claim versus direct UI observation.,,,,,,,,,,,,pass,,RND-D00-D73-v1
D01,D01-D10 Discovery,home_page,What does the guest homepage expose?,observed,"Guest homepage exposes language selector, login/register, Products/Services/Suppliers search, categories, RFQ paths, product cards, enquiry and supplier enrollment.",https://sourcing.hktdc.com/,direct-public-page,2026-08-24,Amsterdam/NL sandbox; guest mode,guest; no account created,high,guest,,discovery entry points,,,,,,,,,Capture visible CTAs and roles separately.,,,,,,,,,,,,pass,,RND-D00-D73-v1
D02,D01-D10 Discovery,global_navigation,Are core destinations visible?,observed,"Navigation links to My Sourcing, cart, RFQ list, Message Centre, notifications, favourites, history, support and sitemap.",https://sourcing.hktdc.com/,direct-public-page,2026-08-24,Amsterdam/NL sandbox; guest mode,guest; no account created,high,guest,,module inventory,,,,,,,,,Record auth-gated destinations even when content is not entered.,,,,,,,,,,,,pass,,RND-D00-D73-v1
D03,D01-D10 Discovery,search_entry,What search scopes and input constraints are visible?,observed,"Search offers Products, Services and Suppliers scopes and reports a minimum of two characters/numbers.",https://sourcing.hktdc.com/,direct-public-page,2026-08-24,Amsterdam/NL sandbox; guest mode,guest; no account created,high,guest,keyword and scope,search submission,,,,,,,,,Template needs scope and validation-rule fields.,,,,,,,,,,,,pass,,RND-D00-D73-v1
D04,D01-D10 Discovery,search_results,What result layout and count appear for a reproducible query?,observed-not-found,No public guest-mode evidence found in the inspected page/source.,https://sourcing.hktdc.com/,direct-public-page,2026-08-24,Amsterdam/NL sandbox; guest mode,guest; no account created,medium,,,,,,,Do not infer capability from absence in guest evidence.,,,A live keyword query was not executed; the Terms prohibit automated collection and this validation avoided scripted search.,"Use a manual browser in a future authorized dossier and record query, timestamp and result count.",Store query and result snapshot metadata; never infer ranking.,,,,,,,,,,,,pass,,RND-D00-D73-v1
D05,D01-D10 Discovery,category_taxonomy,Is a category hierarchy visible?,observed,The public category page exposes 11 top-level category links and nested product catalog links.,https://sourcing.hktdc.com/en/Categories,direct-public-page,2026-08-24,Amsterdam/NL sandbox; guest mode,guest; no account created,high,guest,,category tree,,,,,,,,,Represent stable IDs and labels separately.,top-level category links observed,11,links,not applicable,snapshot 2026-08-24,global site,HKTDC category taxonomy,direct count of top-level links on page,Hong Kong Trade Development Council,Products Services Categories | HKTDC Sourcing,not stated,pass,,RND-D00-D73-v1
D06,D01-D10 Discovery,filters,Are filters evidenced?,observed,Official HKTDC guidance shows product/company certification filters and comparison through the Enquiry Basket.,https://sourcing.hktdc.com/newsbites/tips/certification/,official-guidance,2026-08-24,Amsterdam/NL sandbox; guest mode,guest; no account created,high,buyer,certification criterion,filtered discovery,,,,,,,,,"Evidence filter type and source, not assumed availability on every query.",,,,,,,,,,,,pass,,RND-D00-D73-v1
D07,D01-D10 Discovery,sorting,Which sort controls and defaults exist?,observed-not-found,No public guest-mode evidence found in the inspected page/source.,https://sourcing.hktdc.com/en/Categories,direct-public-page,2026-08-24,Amsterdam/NL sandbox; guest mode,guest; no account created,medium,,,,,,,Do not infer capability from absence in guest evidence.,,,No sorting control was observed on the inspected category landing page.,Inspect a manual product-result page and record default/order options.,Add explicit default-sort and option fields.,,,,,,,,,,,,pass,,RND-D00-D73-v1
D08,D01-D10 Discovery,listing_card,What appears on a guest product card?,observed,"Homepage cards show image, product title, supplier link, verification badge and Enquire action.",https://sourcing.hktdc.com/,direct-public-page,2026-08-24,Amsterdam/NL sandbox; guest mode,guest; no account created,high,guest buyer,,product card,,,,,,,,,Card schema should separate supplier trust marker from product facts.,,,,,,,,,,,,pass,,RND-D00-D73-v1
D09,D01-D10 Discovery,product_detail,Which product fields/actions appear?,observed,"Sample detail shows images, breadcrumb, title, supplier, verification mark, enquiry/compare, USD price range, unit, lead time, shipping methods and attributes.",https://sourcing.hktdc.com/en/Product-Detail/LED-zigzag-strip-bendable-1Z03NRSP5,direct-public-page,2026-08-24,Amsterdam/NL sandbox; guest mode,guest; no account created,high,guest buyer,product URL,detail and enquiry entry,,,,Single listing is not representative of all products.,,,,,Each field needs observed/missing status per listing.,,,,,,,,,,,,pass,,RND-D00-D73-v1
D10,D01-D10 Discovery,supplier_detail,Which supplier fields/actions appear?,observed,"Sample supplier page shows location, business nature, badge, response-time band, update/advertise dates, profile sections, categories, products and Enquire.",https://sourcing.hktdc.com/en/Supplier-Store/Home/Simlux-Technology-Limited/1S00P1AAW,direct-public-page,2026-08-24,Amsterdam/NL sandbox; guest mode,guest; no account created,high,guest buyer,,supplier profile,,,,Supplier-entered data may be self-reported.,,,,,"Tag publisher, supplier, and third-party-verified fields separately.",,,,,,,,,,,,pass,,RND-D00-D73-v1
D11,D11-D20 Identity,registration_entry,Is registration entry visible?,observed,Homepage shows Register for Sourcing and supplier enrollment entry.,https://sourcing.hktdc.com/,direct-public-page,2026-08-24,Amsterdam/NL sandbox; guest mode,guest; no account created,high,guest,,registration start,,,,,,,,,Capture buyer and supplier entry paths independently.,,,,,,,,,,,,pass,,RND-D00-D73-v1
D12,D11-D20 Identity,buyer_registration,What buyer registration inputs are documented?,observed,"Official support requires email/password, personal information, company information and email activation; mobile/social linkage is optional.",https://sourcingsupport.hktdc.com/hc/en-us/articles/360056894674-How-to-register-for-an-account-on-hktdc-com-Sourcing,official-support,2026-08-24,Amsterdam/NL sandbox; guest mode,guest; no account created,high,buyer,"email, password, personal and company information",SSO account,pending email verification then active,,,,,,,,Model mandatory versus optional identity attributes.,,,,,,,,,,,,pass,,RND-D00-D73-v1
D13,D11-D20 Identity,supplier_enrollment,What supplier enrollment path is public?,observed,Public supplier page offers paid promotion packages and contact/application forms; supplier store and product/service pages are package features.,https://sourcing.hktdc.com/newsbites/become-a-supplier/ecommerce/en/,official-offer-page,2026-08-24,Amsterdam/NL sandbox; guest mode,guest; no account created,high,supplier,contact and company/application information,package application,,,,Offer terms and eligibility can change.,,,,,Separate account creation from paid supplier activation.,,,,,,,,,,,,pass,,RND-D00-D73-v1
D14,D11-D20 Identity,login,Which login mechanisms are documented?,observed,HKTDC documents email/password SSO; optional mobile OTP and social credentials can be linked.,https://sourcingsupport.hktdc.com/hc/en-us/articles/360056894674-How-to-register-for-an-account-on-hktdc-com-Sourcing,official-support,2026-08-24,Amsterdam/NL sandbox; guest mode,guest; no account created,high,registered user,credentials,authenticated session,,,,,,,,,Model multiple credential types under one account.,,,,,,,,,,,,pass,,RND-D00-D73-v1
D15,D11-D20 Identity,role_selection,Is an explicit buyer/seller role-selection screen shown?,observed-not-found,No public guest-mode evidence found in the inspected page/source.,https://sourcingsupport.hktdc.com/hc/en-us/articles/360056894674-How-to-register-for-an-account-on-hktdc-com-Sourcing,direct-public-page,2026-08-24,Amsterdam/NL sandbox; guest mode,guest; no account created,medium,,,,,,,Do not infer capability from absence in guest evidence.,,,The inspected registration guide does not show an explicit mutually exclusive buyer/seller role selector.,Manually register only if separately authorized; record role assignment and switching.,Do not force mutually exclusive roles without evidence.,,,,,,,,,,,,pass,,RND-D00-D73-v1
D16,D11-D20 Identity,email_verification,How is email verified?,observed,Official guide requires clicking an activation link sent by email before continuing.,https://sourcingsupport.hktdc.com/hc/en-us/articles/360056894674-How-to-register-for-an-account-on-hktdc-com-Sourcing,official-support,2026-08-24,Amsterdam/NL sandbox; guest mode,guest; no account created,high,registrant,activation link,verified email,email pending -> verified,,,,,,,,Represent verification state and resend/recovery path.,,,,,,,,,,,,pass,,RND-D00-D73-v1
D17,D11-D20 Identity,mobile_verification,How is mobile verified?,observed,"Mobile OTP setup is optional; when selected, a one-time passcode is entered to verify the number.",https://sourcingsupport.hktdc.com/hc/en-us/articles/360056894674-How-to-register-for-an-account-on-hktdc-com-Sourcing,official-support,2026-08-24,Amsterdam/NL sandbox; guest mode,guest; no account created,high,registrant,mobile number and OTP,verified mobile login,optional unverified -> verified,,,,,,,,Keep optional mobile verification distinct from mandatory email verification.,,,,,,,,,,,,pass,,RND-D00-D73-v1
D18,D11-D20 Identity,company_onboarding,Is company information collected?,observed,The official registration guide includes a company-information step before submit.,https://sourcingsupport.hktdc.com/hc/en-us/articles/360056894674-How-to-register-for-an-account-on-hktdc-com-Sourcing,official-support,2026-08-24,Amsterdam/NL sandbox; guest mode,guest; no account created,high,registrant,company information,account application,,,,,,,,,Company data should be versioned and separately verified.,,,,,,,,,,,,pass,,RND-D00-D73-v1
D19,D11-D20 Identity,kyc_kyb_documents,Which exact KYB documents are mandatory at registration?,observed-not-found,No public guest-mode evidence found in the inspected page/source.,https://sourcingsupport.hktdc.com/hc/en-us/articles/360056894674-How-to-register-for-an-account-on-hktdc-com-Sourcing,direct-public-page,2026-08-24,Amsterdam/NL sandbox; guest mode,guest; no account created,medium,,,,,,,Do not infer capability from absence in guest evidence.,,,The public registration guide shows company information but no exhaustive mandatory-document list for ordinary registration.,Review supplier application terms and authenticated onboarding with authorization.,Template must not relabel company information as verified KYB.,,,,,,,,,,,,pass,,RND-D00-D73-v1
D20,D11-D20 Identity,password_recovery,What recovery path is documented?,observed,"Forgot Password uses account email, CAPTCHA, emailed secure link, new password and confirmation email.",https://sourcingsupport.hktdc.com/hc/en-us/articles/360052189193-How-to-change-or-reset-my-password,official-support,2026-08-24,Amsterdam/NL sandbox; guest mode,guest; no account created,high,account holder,"email, CAPTCHA, reset link, new password",reset credential,reset requested -> reset complete,,,Email account compromise affects recovery.,,,,,"Record recovery channel, expiry if known, and confirmation event.",,,,,,,,,,,,pass,,RND-D00-D73-v1
D21,D21-D30 Supplier tools,dashboard,Is a supplier dashboard evidenced?,observed,Official HKTDC material states suppliers have a dashboard for performance/effectiveness and support shows My Dashboard modules.,https://sourcing.hktdc.com/newsbites/tips/hktdc-sourcing/,official-editorial-page,2026-08-24,Amsterdam/NL sandbox; guest mode,guest; no account created,high,supplier,,dashboard,,,,,authenticated supplier account,,,,Dashboard evidence can be documentation when direct auth view is unavailable.,,,,,,,,,,,,pass,,RND-D00-D73-v1
D22,D21-D30 Supplier tools,company_profile,Can suppliers maintain a profile?,observed,"Supplier package and sample store evidence company profile, categories, capabilities and products/services.",https://sourcing.hktdc.com/en/Supplier-Store/Home/Simlux-Technology-Limited/1S00P1AAW,direct-public-page,2026-08-24,Amsterdam/NL sandbox; guest mode,guest; no account created,high,supplier,,public supplier store,,,,,,,,,Distinguish editable claims from verification labels.,,,,,,,,,,,,pass,,RND-D00-D73-v1
D23,D21-D30 Supplier tools,catalog_management,Is catalog/showroom management evidenced?,observed,"Supplier page has Products/Services, Category and Showroom sections; packages include product/service pages and media storage.",https://sourcing.hktdc.com/newsbites/become-a-supplier/ecommerce/en/,official-offer-page,2026-08-24,Amsterdam/NL sandbox; guest mode,guest; no account created,high,supplier,,catalog/storefront,,,,,supplier package,,,,Model catalog entitlements by plan.,,,,,,,,,,,,pass,,RND-D00-D73-v1
D24,D21-D30 Supplier tools,product_creation,Is product creation evidenced?,observed,"Official setup documentation links upload/edit flows and requires inventory, attributes, weight/dimensions, delivery, battery and return/refund data for online purchase.",https://sourcingsupport.hktdc.com/hc/en-us/articles/360051428733-Configure-Online-Purchase-Setting-2-min-22-sec,official-support,2026-08-24,Amsterdam/NL sandbox; guest mode,guest; no account created,high,supplier,product and fulfillment data,product listing,,,,,authenticated supplier account,,,,Use conditional fields when online purchase is enabled.,,,,,,,,,,,,pass,,RND-D00-D73-v1
D25,D21-D30 Supplier tools,product_specifications,Are structured specifications displayed?,observed,"Sample product exposes feature, light source, voltage, color, packing, wattage, width and IP attributes in text/fields.",https://sourcing.hktdc.com/en/Product-Detail/LED-zigzag-strip-bendable-1Z03NRSP5,direct-public-page,2026-08-24,Amsterdam/NL sandbox; guest mode,guest; no account created,high,supplier; buyer,,product specifications,,,,Structure versus free text varies.,,,,,Capture structured attributes and narrative separately.,,,,,,,,,,,,pass,,RND-D00-D73-v1
D26,D21-D30 Supplier tools,price_moq,Are price and MOQ visible?,observed,Sample product displays US$1–US$2 per meter; MOQ was not visible on that inspected listing.,https://sourcing.hktdc.com/en/Product-Detail/LED-zigzag-strip-bendable-1Z03NRSP5,direct-public-page,2026-08-24,Amsterdam/NL sandbox; guest mode,guest; no account created,high,buyer,,price range; MOQ gap,,,,Single listing and supplier-entered terms.,,,MOQ absent on inspected sample.,Sample additional listings in a future dossier.,Price and MOQ must be separate nullable fields.,displayed unit price lower bound,1,USD per meter,USD,snapshot 2026-08-24,sample listing; Hong Kong supplier,product listing,direct transcription without rounding,Simlux Technology Limited via HKTDC Sourcing,LED zigzag strip bendable,supplier info updated 2026-05-06,pass,,RND-D00-D73-v1
D27,D21-D30 Supplier tools,capacity_lead_time,Are capacity and lead time visible?,observed,Sample product displays production lead time of 7 days; production capacity was not shown on the inspected detail.,https://sourcing.hktdc.com/en/Product-Detail/LED-zigzag-strip-bendable-1Z03NRSP5,direct-public-page,2026-08-24,Amsterdam/NL sandbox; guest mode,guest; no account created,high,buyer,,lead-time value; capacity gap,,,,,,,Capacity absent on sample.,Inspect production-capabilities profile and additional listings manually.,Capacity and lead time require independent evidence.,production lead time,7,days,not applicable,current listing snapshot,sample listing; Hong Kong supplier,supplier listing field,direct transcription,Simlux Technology Limited via HKTDC Sourcing,LED zigzag strip bendable,supplier info updated 2026-05-06,pass,,RND-D00-D73-v1
D28,D21-D30 Supplier tools,rfq_creation,Can a buyer submit an RFQ?,observed,"Guest RFQ form asks email first, then product/service name, category, expiry, optional image and request details, with Terms/Privacy acknowledgement.",https://sourcing.hktdc.com/en/Grfq,direct-public-page,2026-08-24,Amsterdam/NL sandbox; guest mode,guest; no account created,high,buyer,"email, requirement, category, expiry, optional image",RFQ submission,email gate -> editable request -> submitted,,,Submission not performed.,,,,,Represent staged forms and consent evidence.,,,,,,,,,,,,pass,,RND-D00-D73-v1
D29,D21-D30 Supplier tools,rfq_response,Can suppliers view/respond to RFQs?,observed,"Public RFQ list exposes buyer leads, category search and Quote Now action; supplier package includes quotation quota.",https://sourcing.hktdc.com/en/request-for-quotation,direct-public-page,2026-08-24,Amsterdam/NL sandbox; guest mode,guest; no account created,high,supplier,buyer lead,quotation entry,,,,,supplier entitlement/login likely required,,,,Record quota and auth requirements when observed.,,,,,,,,,,,,pass,,RND-D00-D73-v1
D30,D21-D30 Supplier tools,messaging,Is messaging/file exchange evidenced?,observed,Official overview names Message Centre instant messaging and file exchange; navigation links Message Centre.,https://sourcing.hktdc.com/newsbites/tips/hktdc-sourcing/,official-editorial-page,2026-08-24,Amsterdam/NL sandbox; guest mode,guest; no account created,high,buyer; supplier,,conversation and files,,,,Retention and malware controls not assessed.,account,,,,"Message schema should include attachment, retention and moderation states.",,,,,,,,,,,,pass,,RND-D00-D73-v1
D31,D31-D40 Transaction,quotation,Is quotation workflow evidenced?,observed,RFQ list provides Quote Now and HKTDC describes quotation/negotiation processes.,https://sourcing.hktdc.com/en/request-for-quotation,direct-public-page,2026-08-24,Amsterdam/NL sandbox; guest mode,guest; no account created,high,supplier,RFQ,quotation,,,,,,,,,"Store quote versions, validity and terms when later observed.",,,,,,,,,,,,pass,,RND-D00-D73-v1
D32,D31-D40 Transaction,sample_workflow,Is a platform-managed sample workflow visible?,observed-not-found,No public guest-mode evidence found in the inspected page/source.,https://sourcing.hktdc.com/en/Product-Detail/LED-zigzag-strip-bendable-1Z03NRSP5,direct-public-page,2026-08-24,Amsterdam/NL sandbox; guest mode,guest; no account created,medium,,,,,,,Do not infer capability from absence in guest evidence.,,,"Supplier text invites catalogue/sample contact, but no platform sample order state was observed.",Use authorized messaging walkthrough and inspect whether sample requests are typed or structured.,Do not infer sample fulfillment from supplier copy.,,,,,,,,,,,,pass,,RND-D00-D73-v1
D33,D31-D40 Transaction,negotiation,Is negotiation supported?,observed,Official overview describes simple quotation and negotiation processes and Message Centre communication.,https://sourcing.hktdc.com/newsbites/tips/hktdc-sourcing/,official-editorial-page,2026-08-24,Amsterdam/NL sandbox; guest mode,guest; no account created,medium,buyer; supplier,quote/messages,negotiated terms,,,,Exact states and audit trail not observed.,,,,,Template should separate documented capability from direct workflow steps.,,,,,,,,,,,,pass,,RND-D00-D73-v1
D34,D31-D40 Transaction,order_creation,Is an order flow documented?,observed,Eligible online-purchase products can be added to cart; checkout creates separate orders per supplier.,https://sourcingsupport.hktdc.com/hc/en-us/articles/360051421934-How-do-I-make-a-payment-for-Online-Purchase-1min-41sec,official-support,2026-08-24,Amsterdam/NL sandbox; guest mode,guest; no account created,high,buyer,"eligible product, quantity, address, shipping",order,,,,,online-purchase-enabled listing,,,,Order groups are supplier-scoped.,,,,,,,,,,,,pass,,RND-D00-D73-v1
D35,D31-D40 Transaction,po_pi_documents,Are platform-generated PO or pro-forma invoice documents evidenced?,observed-not-found,No public guest-mode evidence found in the inspected page/source.,https://sourcingsupport.hktdc.com/hc/en-us/articles/360051421934-How-do-I-make-a-payment-for-Online-Purchase-1min-41sec,direct-public-page,2026-08-24,Amsterdam/NL sandbox; guest mode,guest; no account created,medium,,,,,,,Do not infer capability from absence in guest evidence.,,,Inspected checkout/order support did not identify generated PO or PI documents.,Inspect authenticated order documents or supplier/buyer downloads with authorization.,Document generation cannot be assumed from order creation.,,,,,,,,,,,,pass,,RND-D00-D73-v1
D36,D31-D40 Transaction,checkout,What checkout steps are documented?,observed,"Buyer selects same-supplier items, checkout, shipping address, shipping option or waits for fee, then payment settlement.",https://sourcingsupport.hktdc.com/hc/en-us/articles/360051421934-How-do-I-make-a-payment-for-Online-Purchase-1min-41sec,official-support,2026-08-24,Amsterdam/NL sandbox; guest mode,guest; no account created,high,buyer,cart and address,payment-ready order,,No shipping option -> wait for supplier shipping quote.,,,,,,,State machine needs shipping-fee gate.,,,,,,,,,,,,pass,,RND-D00-D73-v1
D37,D31-D40 Transaction,payment_methods,Which payment methods are stated?,observed,Official support presents PayPal or Credit Card at settlement; supplier setup requires a PayPal Business account to receive proceeds.,https://sourcingsupport.hktdc.com/hc/en-us/articles/360051421934-How-do-I-make-a-payment-for-Online-Purchase-1min-41sec,official-support,2026-08-24,Amsterdam/NL sandbox; guest mode,guest; no account created,high,buyer; supplier,payment selection,external settlement,,,,Availability by country and card type not tested.,PayPal/third-party payment processor,,,,"Record processor, payer method and payee rail separately.",,,,,,,,,,,,pass,,RND-D00-D73-v1
D38,D31-D40 Transaction,escrow_buyer_protection,Is escrow or platform-held funds evidenced?,observed-not-found,No public guest-mode evidence found in the inspected page/source.,https://sourcingsupport.hktdc.com/hc/en-us/articles/360052189613-What-should-I-do-if-I-don-t-receive-updates-from-the-supplier-after-payment,direct-public-page,2026-08-24,Amsterdam/NL sandbox; guest mode,guest; no account created,medium,,,,,,,Do not infer capability from absence in guest evidence.,,,Official support routes payment disputes to PayPal Resolution Centre; no HKTDC escrow/hold-release mechanism was found.,Review service-specific terms and PayPal protections with FIN/LEG; do not create a transaction.,Model external dispute rail separately from escrow.,,,,,,,,,,,,pass,,RND-D00-D73-v1
D39,D31-D40 Transaction,notifications,Are notification surfaces visible?,observed,"Guest navigation links notification mailbox; order docs refer to status-driven workflow, but delivery channels were not tested.",https://sourcing.hktdc.com/,direct-public-page,2026-08-24,Amsterdam/NL sandbox; guest mode,guest; no account created,high,account user,,notification surface,,,,,account,,Email/push rules not observed.,Inspect authenticated notification settings later.,"Capture event, channel and preference separately.",,,,,,,,,,,,pass,,RND-D00-D73-v1
D40,D31-D40 Transaction,order_status,Which order states are documented?,observed,"Official support lists Pending Shipping Fee, Awaiting Buyer’s Payment, Payment in Review by PayPal, Payment Settled and Cancelled.",https://sourcingsupport.hktdc.com/hc/en-us/articles/360050682234-Order-management-1-min-28-sec,official-support,2026-08-24,Amsterdam/NL sandbox; guest mode,guest; no account created,high,supplier; buyer,,order state,,,,No shipment/delivery states were present in this source.,,,,,Use exact externally documented state labels.,documented payment/order states,5,states,not applicable,support snapshot 2026-08-24,HKTDC Sourcing,order-state taxonomy,direct count of listed status rows,Hong Kong Trade Development Council,Order management,not stated,pass,,RND-D00-D73-v1
D41,D41-D50 Fulfillment,shipping_quote,How is shipping price handled?,observed,"If no shipping option is available, checkout pauses until the supplier quotes shipping fee and arrangement.",https://sourcingsupport.hktdc.com/hc/en-us/articles/360051421934-How-do-I-make-a-payment-for-Online-Purchase-1min-41sec,official-support,2026-08-24,Amsterdam/NL sandbox; guest mode,guest; no account created,high,supplier,order destination/details,shipping fee,Pending Shipping Fee -> Awaiting Buyer Payment,,,,,,,,Shipping quote is a blocking order state.,,,,,,,,,,,,pass,,RND-D00-D73-v1
D42,D41-D50 Fulfillment,carrier_freight,Are logistics integrations/settings evidenced?,observed,"Supplier setup supports free shipping or supplier-entered shipping details; official support also references linked logistics services, but no shipment was executed.",https://sourcingsupport.hktdc.com/hc/en-us/articles/360051428733-Configure-Online-Purchase-Setting-2-min-22-sec,official-support,2026-08-24,Amsterdam/NL sandbox; guest mode,guest; no account created,high,supplier,"countries, duration, description or fee",shipping option,,,,Carrier availability and service levels not tested.,,,,,Separate native settings from third-party logistics execution.,,,,,,,,,,,,pass,,RND-D00-D73-v1
D43,D41-D50 Fulfillment,incoterms,Are Incoterms structured in product/order UI?,observed-not-found,No public guest-mode evidence found in the inspected page/source.,https://sourcing.hktdc.com/en/Product-Detail/LED-zigzag-strip-bendable-1Z03NRSP5,direct-public-page,2026-08-24,Amsterdam/NL sandbox; guest mode,guest; no account created,medium,,,,,,,Do not infer capability from absence in guest evidence.,,,No structured Incoterm field was observed on the sample product or inspected checkout guidance.,Inspect authenticated quote/order forms and multiple listings manually.,Do not infer Incoterm support from free-text RFQs.,,,,,,,,,,,,pass,,RND-D00-D73-v1
D44,D41-D50 Fulfillment,trade_documents,"Are invoice, packing list, COO or bill-of-lading workflows shown?",observed-not-found,No public guest-mode evidence found in the inspected page/source.,https://sourcingsupport.hktdc.com/hc/en-us/articles/360050682234-Order-management-1-min-28-sec,direct-public-page,2026-08-24,Amsterdam/NL sandbox; guest mode,guest; no account created,medium,,,,,,,Do not infer capability from absence in guest evidence.,,,No trade-document generation or lifecycle was described in inspected public order support.,Inspect authenticated order downloads; hand off legal/trade meaning to TRADE/LEG.,Template should list each document and issuer independently.,,,,,,,,,,,,pass,,RND-D00-D73-v1
D45,D41-D50 Fulfillment,shipment_tracking,Is platform shipment tracking evidenced?,observed-not-found,No public guest-mode evidence found in the inspected page/source.,https://sourcingsupport.hktdc.com/hc/en-us/articles/360050682234-Order-management-1-min-28-sec,direct-public-page,2026-08-24,Amsterdam/NL sandbox; guest mode,guest; no account created,medium,,,,,,,Do not infer capability from absence in guest evidence.,,,Inspected order-state source stops at payment/cancel states and did not show tracking.,Review logistics support and authenticated fulfilled-order states.,Never equate payment state with shipment state.,,,,,,,,,,,,pass,,RND-D00-D73-v1
D46,D41-D50 Fulfillment,inspection,Is transactional inspection ordering evidenced?,observed-not-found,No public guest-mode evidence found in the inspected page/source.,https://sourcing.hktdc.com/newsbites/tips/certification/,direct-public-page,2026-08-24,Amsterdam/NL sandbox; guest mode,guest; no account created,medium,,,,,,,Do not infer capability from absence in guest evidence.,,,"Certification verification is documented, but no order-linked pre-shipment inspection workflow was observed.",Search authorized service catalog and consult INSP in a separate task.,Separate credential verification from shipment inspection.,,,,,,,,,,,,pass,,RND-D00-D73-v1
D47,D41-D50 Fulfillment,delivery_confirmation,Is buyer delivery acceptance evidenced?,observed-not-found,No public guest-mode evidence found in the inspected page/source.,https://sourcingsupport.hktdc.com/hc/en-us/articles/360050682234-Order-management-1-min-28-sec,direct-public-page,2026-08-24,Amsterdam/NL sandbox; guest mode,guest; no account created,medium,,,,,,,Do not infer capability from absence in guest evidence.,,,No delivery-confirmation/acceptance state appeared in the inspected order documentation.,Inspect completed order workflow with an authorized test account/order fixture.,Funds release must not be inferred without acceptance evidence.,,,,,,,,,,,,pass,,RND-D00-D73-v1
D48,D41-D50 Fulfillment,returns_refunds,Are return/refund terms captured?,observed,Supplier product setup requires a return and refund policy for online-purchase products; execution flow was not observed.,https://sourcingsupport.hktdc.com/hc/en-us/articles/360051428733-Configure-Online-Purchase-Setting-2-min-22-sec,official-support,2026-08-24,Amsterdam/NL sandbox; guest mode,guest; no account created,high,supplier,return/refund policy,listing policy,,,,Policy is supplier-provided and may vary.,,,No operational return state observed.,Inspect eligible listing and buyer support manually.,Store policy text/version separately from claim execution.,,,,,,,,,,,,pass,,RND-D00-D73-v1
D49,D41-D50 Fulfillment,claims,Where can post-payment issues be raised?,observed,HKTDC support directs users with no supplier update after payment to PayPal Resolution Centre.,https://sourcingsupport.hktdc.com/hc/en-us/articles/360052189613-What-should-I-do-if-I-don-t-receive-updates-from-the-supplier-after-payment,official-support,2026-08-24,Amsterdam/NL sandbox; guest mode,guest; no account created,high,buyer,payment dispute,PayPal case,,,,External process and jurisdiction/eligibility vary.,PayPal,,,,Record claim owner and external handoff.,,,,,,,,,,,,pass,,RND-D00-D73-v1
D50,D41-D50 Fulfillment,dispute_resolution,Is dispute resolution native or external?,observed,The inspected support article identifies PayPal Resolution Centre for payment disputes; no native HKTDC adjudication workflow was observed.,https://sourcingsupport.hktdc.com/hc/en-us/articles/360052189613-What-should-I-do-if-I-don-t-receive-updates-from-the-supplier-after-payment,official-support,2026-08-24,Amsterdam/NL sandbox; guest mode,guest; no account created,high,buyer; PayPal,,external dispute process,,,,"No conclusion, SLA or remedy observed.",,,,,Distinguish support escalation from adjudication.,,,,,,,,,,,,pass,,RND-D00-D73-v1
D51,D51-D60 Trust,supplier_verification,How is supplier/certificate verification evidenced?,observed,HKTDC says TÜV SÜD and Intertek verify supplier certificate labels annually; verification date can appear on supplier store.,https://sourcing.hktdc.com/newsbites/tips/certification/,official-guidance,2026-08-24,Amsterdam/NL sandbox; guest mode,guest; no account created,high,third-party verifier; supplier; buyer,certificates/supporting documents,verification label/date,,,,"Scope is certificate-label verification, not a guarantee of transaction performance.",,,,,"Badge taxonomy must include verifier, scope and date.",certificate-label verification frequency,1,time per year,not applicable,annual,suppliers on HKTDC Sourcing,certificate verification,publisher-stated frequency,Hong Kong Trade Development Council,Product Certification & Third-Party Verification Services,2023-05-03; modified 2025-01-06,pass,,RND-D00-D73-v1
D52,D51-D60 Trust,buyer_verification,What buyer KYB/verification badge exists?,observed-not-found,No public guest-mode evidence found in the inspected page/source.,https://sourcingsupport.hktdc.com/hc/en-us/articles/360056894674-How-to-register-for-an-account-on-hktdc-com-Sourcing,direct-public-page,2026-08-24,Amsterdam/NL sandbox; guest mode,guest; no account created,medium,,,,,,,Do not infer capability from absence in guest evidence.,,,"Registration collects company information, but no buyer verification badge or KYB outcome was found in inspected public sources.",Inspect RFQ/buyer profiles and support documentation under authorized access.,Do not treat email/company fields as buyer verification.,,,,,,,,,,,,pass,,RND-D00-D73-v1
D53,D51-D60 Trust,badges_certifications,Where are trust marks shown?,observed,Verification marks appear on product cards and supplier pages; certification guidance says marks can be filtered and compared.,https://sourcing.hktdc.com/newsbites/tips/certification/,official-guidance,2026-08-24,Amsterdam/NL sandbox; guest mode,guest; no account created,high,buyer,,badge/certification cues,,,,Meaning differs by badge and must be scoped.,,,,,"Every badge record needs issuer, object, evidence and expiry/date.",,,,,,,,,,,,pass,,RND-D00-D73-v1
D54,D51-D60 Trust,ratings_reviews,Are buyer ratings/reviews visible?,observed-not-found,No public guest-mode evidence found in the inspected page/source.,https://sourcing.hktdc.com/en/Supplier-Store/Home/Simlux-Technology-Limited/1S00P1AAW,direct-public-page,2026-08-24,Amsterdam/NL sandbox; guest mode,guest; no account created,medium,,,,,,,Do not infer capability from absence in guest evidence.,,,No rating score or buyer-review module was visible on the inspected supplier page.,Inspect additional supplier/product pages and authenticated views.,Do not infer reputation score from verification badge or response time.,,,,,,,,,,,,pass,,RND-D00-D73-v1
D55,D51-D60 Trust,fraud_reporting,Is a dedicated fraud/report action visible?,observed-not-found,No public guest-mode evidence found in the inspected page/source.,https://home.hktdc.com/en/s/terms-of-use,direct-public-page,2026-08-24,Amsterdam/NL sandbox; guest mode,guest; no account created,medium,,,,,,,Do not infer capability from absence in guest evidence.,,,"Terms prohibit fraudulent content, but a dedicated in-context report-fraud control was not observed.",Inspect listing menus and support request categories manually.,Policy prohibition and reporting UX are separate fields.,,,,,,,,,,,,pass,,RND-D00-D73-v1
D56,D51-D60 Trust,moderation,Are prohibited conduct and enforcement rights documented?,observed,Terms prohibit unlawful/fraudulent/abusive content and automated collection; HKTDC may alter content/functionality.,https://home.hktdc.com/en/s/terms-of-use,official-policy,2026-08-24,Amsterdam/NL sandbox; guest mode,guest; no account created,high,HKTDC; user,,,,,,Specific moderation queues and appeal states not described.,,,,,"Map policy rule, detection, action and appeal independently.",,,,,,,,,,,,pass,,RND-D00-D73-v1
D57,D51-D60 Trust,customer_support,Is support accessible?,observed,Homepage links Sourcing Support; official guidance directs users to customer support for onboarding.,https://sourcingsupport.hktdc.com/hc/en-us,official-support,2026-08-24,Amsterdam/NL sandbox; guest mode,guest; no account created,high,buyer; supplier,,help center/contact path,,,,,,,,,"Capture channel, language, hours and case state when available.",,,,,,,,,,,,pass,,RND-D00-D73-v1
D58,D51-D60 Trust,support_sla,Are response/resolution SLAs published?,observed-not-found,No public guest-mode evidence found in the inspected page/source.,https://sourcingsupport.hktdc.com/hc/en-us,direct-public-page,2026-08-24,Amsterdam/NL sandbox; guest mode,guest; no account created,medium,,,,,,,Do not infer capability from absence in guest evidence.,,,No binding support response/resolution SLA was found on the inspected support landing/material.,Search service terms/package contract and contact support in a separately authorized check.,Do not convert marketing response times into support SLA.,,,,,,,,,,,,pass,,RND-D00-D73-v1
D59,D51-D60 Trust,trust_education,Does platform educate buyers about verification?,observed,"Official certification guide explains marks, filters, comparison and third-party certificate verification.",https://sourcing.hktdc.com/newsbites/tips/certification/,official-guidance,2026-08-24,Amsterdam/NL sandbox; guest mode,guest; no account created,high,buyer,,trust guidance,,,,,,,,,Pair trust cues with scope/explanation to reduce badge overinterpretation.,,,,,,,,,,,,pass,,RND-D00-D73-v1
D60,D51-D60 Trust,enforcement_account_controls,Are account/content controls documented?,observed,"Terms prohibit unauthorized access, harmful/fraudulent content and automated collection; privacy policy and account support describe account data/control context.",https://home.hktdc.com/en/s/terms-of-use,official-policy,2026-08-24,Amsterdam/NL sandbox; guest mode,guest; no account created,high,HKTDC; user,,,,,,Suspension/appeal state machine was not observed.,,,No explicit suspension/appeal sequence.,Review Sourcing-specific user agreement and listing policy.,Template must allow policy observed while enforcement workflow remains missing.,,,,,,,,,,,,pass,,RND-D00-D73-v1
D61,D61-D68 Technical,language_localization,Which language/localization capabilities are visible?,observed,Guest homepage exposes a broad language selector; HKTDC states Message Centre supports 21 automatic translation languages.,https://sourcing.hktdc.com/newsbites/tips/hktdc-sourcing/,official-editorial-page,2026-08-24,Amsterdam/NL sandbox; guest mode,guest; no account created,high,guest/account users,,localized UI and translated communication,,,,Translation quality and coverage were not tested.,,,,,Separate interface locale from machine-translated messages.,automatic translation languages claimed,21,languages,not applicable,publisher article current at access,global platform,Message Centre translation,direct transcription of publisher claim,Hong Kong Trade Development Council,Kickstart Your Sourcing in 2025 with HKTDC!,2025-01-06; modified 2025-03-25,pass,,RND-D00-D73-v1
D62,D61-D68 Technical,currency,Which currencies are displayed?,observed,Sample listing displays USD; supplier packages publish HKD and USD prices. Currency conversion behavior was not tested.,https://sourcing.hktdc.com/newsbites/become-a-supplier/ecommerce/en/,official-offer-page,2026-08-24,Amsterdam/NL sandbox; guest mode,guest; no account created,high,buyer; supplier,,currency-labelled prices,,,,Display currency is not payment/settlement availability.,,,,,"Store display, quote, payment and settlement currency separately.",,,,,,,,,,,,pass,,RND-D00-D73-v1
D63,D61-D68 Technical,country_region,How is region represented?,observed,Supplier enrollment form exposes a country/region selector including Iran; supplier and RFQ pages display location/market labels. Eligibility was not tested.,https://sourcing.hktdc.com/newsbites/become-a-supplier/ecommerce/en/,official-offer-page,2026-08-24,Amsterdam/NL sandbox; guest mode,guest; no account created,medium,registrant; buyer; supplier,,country/region attribute,,,,Presence in selector is not service/sanctions approval.,,,,,Never infer availability or compliance from selector presence.,,,,,,,,,,,,pass,,RND-D00-D73-v1
D64,D61-D68 Technical,seo_metadata,Are basic SEO signals visible?,observed,"Fetched public pages expose descriptive HTML titles, headings and category/product breadcrumbs.",https://sourcing.hktdc.com/en/Product-Detail/LED-zigzag-strip-bendable-1Z03NRSP5,direct-public-page,2026-08-24,Amsterdam/NL sandbox; guest mode,guest; no account created,high,search engine; guest,,indexable title/breadcrumb content,,,,Canonical/meta/schema tags were not exhaustively inspected.,,,,,SEO template should identify exact tag and extraction method.,,,,,,,,,,,,pass,,RND-D00-D73-v1
D65,D61-D68 Technical,url_patterns,Are page-type URL patterns stable and descriptive?,observed,"Observed paths distinguish Categories, Product-Catalog, Product-Detail, Supplier-Store and language prefix `/en/`, often with opaque IDs.",https://sourcing.hktdc.com/en/Categories,direct-public-page,2026-08-24,Amsterdam/NL sandbox; guest mode,guest; no account created,high,guest,,page-type URL taxonomy,,,,,,,,,Preserve human slug and stable opaque ID as separate fields.,,,,,,,,,,,,pass,,RND-D00-D73-v1
D66,D61-D68 Technical,mobile_responsive,Is mobile behavior validated?,observed-not-found,No public guest-mode evidence found in the inspected page/source.,https://sourcing.hktdc.com/,direct-public-page,2026-08-24,Amsterdam/NL sandbox; guest mode,guest; no account created,medium,,,,,,,Do not infer capability from absence in guest evidence.,,,No mobile viewport/device test was performed in this text-fetch execution.,Run manual responsive checks at defined viewports in a future UX/dossier task.,Do not infer responsive quality from mobile-oriented navigation labels.,,,,,,,,,,,,pass,,RND-D00-D73-v1
D67,D61-D68 Technical,accessibility,Are WCAG/keyboard/screen-reader outcomes validated?,observed-not-found,No public guest-mode evidence found in the inspected page/source.,https://sourcing.hktdc.com/,direct-public-page,2026-08-24,Amsterdam/NL sandbox; guest mode,guest; no account created,medium,,,,,,,Do not infer capability from absence in guest evidence.,,,"No keyboard, screen-reader, contrast or semantic accessibility audit was performed.",Run an authorized manual/automated accessibility test with tool/version and sampled pages.,"Accessibility requires test evidence, not visual assumption.",,,,,,,,,,,,pass,,RND-D00-D73-v1
D68,D61-D68 Technical,performance,Are load/performance metrics measured?,observed-not-found,No public guest-mode evidence found in the inspected page/source.,https://sourcing.hktdc.com/,direct-public-page,2026-08-24,Amsterdam/NL sandbox; guest mode,guest; no account created,medium,,,,,,,Do not infer capability from absence in guest evidence.,,,"No Web Vitals, timing, payload or geography-controlled performance measurement was performed.","Use a reproducible performance harness with region, device, cache and run count.",Keep performance metrics out until measured.,,,,,,,,,,,,pass,,RND-D00-D73-v1
D69,D69-D73 Commercial/policy,revenue_model,What monetization is publicly evidenced?,observed,"Supplier promotion packages are sold for 12-month periods; public page lists Introductory, Deluxe and Premium tiers with HKD/USD prices and differentiated entitlements.",https://sourcing.hktdc.com/newsbites/become-a-supplier/ecommerce/en/,official-offer-page,2026-08-24,Amsterdam/NL sandbox; guest mode,guest; no account created,high,supplier,subscription/application,promotion/store entitlements,,,"Introductory package displayed at HK$3,800 or US$530 for 12 months; eligibility notes apply.",Prices/offers and country eligibility can change.,,,,,"Model plan, term, currency, eligibility and entitlement version.",Introductory supplier package price,3800,currency units,HKD,12 months,Hong Kong companies; page notes separate USD pricing for non-HK applicants,supplier promotion package,direct transcription; no conversion,Hong Kong Trade Development Council,Become a supplier | Ecommerce,page publication date not stated,pass,,RND-D00-D73-v1
D70,D69-D73 Commercial/policy,advertising_promoted_listings,Are paid exposure products evidenced?,observed,Premium supplier package includes an online banner advertisement for four consecutive days; supplier page also references promotion packages.,https://sourcing.hktdc.com/newsbites/become-a-supplier/ecommerce/en/,official-offer-page,2026-08-24,Amsterdam/NL sandbox; guest mode,guest; no account created,high,supplier,,paid exposure entitlement,,,,"Placement, targeting and performance guarantees not observed.",,,,,"Advertising inventory needs duration, placement and disclosure fields.",Premium package banner duration,4,consecutive days,not applicable,within 12-month package,platform online banner,advertising entitlement,direct transcription,Hong Kong Trade Development Council,Become a supplier | Ecommerce,page publication date not stated,pass,,RND-D00-D73-v1
D71,D69-D73 Commercial/policy,promotions_merchandising,Are promotions/editorial merchandising visible?,observed,"Homepage exposes promotion banners, Top Picks, featured suppliers and new/best product links. Selection rules were not observed.",https://sourcing.hktdc.com/,direct-public-page,2026-08-24,Amsterdam/NL sandbox; guest mode,guest; no account created,high,guest,,promotional discovery surfaces,,,,Organic versus paid/editorial placement may be unclear.,,,,,Record placement provenance and sponsorship disclosure.,,,,,,,,,,,,pass,,RND-D00-D73-v1
D72,D69-D73 Commercial/policy,api_integrations,Are APIs or integrations evidenced?,observed,Official setup documents PayPal Business account linkage and shipping configuration; no public marketplace API documentation was found in scoped sources.,https://sourcingsupport.hktdc.com/hc/en-us/articles/360051428733-Configure-Online-Purchase-Setting-2-min-22-sec,official-support,2026-08-24,Amsterdam/NL sandbox; guest mode,guest; no account created,high,supplier; third party,PayPal account ID and shipping settings,payment/shipping integration,,,,,,,Public developer API not observed.,Search official developer documentation only if an integration task is issued.,Distinguish configured partner integrations from public APIs.,,,,,,,,,,,,pass,,RND-D00-D73-v1
D73,D69-D73 Commercial/policy,data_content_policies,Which data/content policies apply?,observed,"Privacy policy describes account/company/contact/technical data collection, uses, retention principle and disclosure categories; Terms define Sourcing, conduct restrictions and ban automated collection.",https://home.hktdc.com/en/s/privacy-policy-statement,official-policy,2026-08-24,Amsterdam/NL sandbox; guest mode,guest; no account created,high,HKTDC; user,"personal, company, usage and content data",policy-governed processing,,,,"This is research summary, not legal advice; Sourcing-specific agreement may add terms.",Terms of Use and Sourcing-specific User Agreement,,,,"Store policy URL, version/access date, purpose, data category and downstream recipient.",,,,,,,,,,,,pass,,RND-D00-D73-v1
